0,-1.373787,,
2.44E-04,-1.402382,, 
4.88E-04,-1.397617,,
7.32E-04,-1.360085,,
9.77E-04,-1.290383,,
1.22E-03,-1.190595,,
1.46E-03,-1.063106,,
1.71E-03,-0.9097018,,
1.95E-03,-0.7351487,,
2.20E-03,-0.5436168,,
2.44E-03,-0.3389786,,
2.69E-03,-0.1265957,,
2.93E-03,8.88E-02,,
3.17E-03,0.3020425,,
3.42E-03,0.5087658,,
3.66E-03,0.7032763,,
3.91E-03,0.8817018,,
4.15E-03,1.038978,,
4.39E-03,1.171829,,
4.64E-03,1.277574,,
4.88E-03,1.353234,,
5.13E-03,1.397021,,
5.37E-03,1.408638,,
5.62E-03,1.386297,,
5.86E-03,1.332382,,
6.10E-03,1.246893,,
6.35E-03,1.132212,,
6.59E-03,0.9907231,,
6.84E-03,0.8262976,,
7.08E-03,0.6419147,,
7.32E-03,0.4426381,,
7.57E-03,0.2338297,,
7.81E-03,1.94E-02,,
8.06E-03,-0.1957021,,
8.30E-03,-0.4062977,,
8.54E-03,-0.6070636,,
8.79E-03,-0.7938295,,
9.03E-03,-0.9615316,,
9.28E-03,-1.106595,,
9.52E-03,-1.22634,,
9.77E-03,-1.316297,,
1.00E-02,-1.375574,,
1.03E-02,-1.402978,,
1.05E-02,-1.396723,,
1.07E-02,-1.358,,
1.10E-02,-1.287106,,
1.12E-02,-1.185829,,
1.15E-02,-1.057149,,
1.17E-02,-0.9034465,,
1.20E-02,-0.7282976,,
1.22E-02,-0.5358722,,
1.25E-02,-0.330936,,
1.27E-02,-0.1182553,,
1.29E-02,9.74E-02,,
1.32E-02,0.3109786,,
1.34E-02,0.5168083,,
1.37E-02,0.7107232,,
1.39E-02,0.8879572,,
1.42E-02,1.044936,,
1.44E-02,1.176595,,
1.46E-02,1.281148,,
1.49E-02,1.355914,,
1.51E-02,1.39851,,
1.54E-02,1.408042,,
1.56E-02,1.385106,,
1.59E-02,1.329702,,
1.61E-02,1.242723,,
1.64E-02,1.126553,,
1.66E-02,0.9841698,,
1.68E-02,0.8188508,,
1.71E-02,0.6347657,,
1.73E-02,0.4351913,,
1.76E-02,0.2251914,,
1.78E-02,1.07E-02,,
1.81E-02,-0.2043404,,
1.83E-02,-0.4143403,,
1.86E-02,-0.6151062,,
1.88E-02,-0.8012763,,
1.90E-02,-0.9677869,,
1.93E-02,-1.112553,,
1.95E-02,-1.230212,,
1.98E-02,-1.319574,,
2.00E-02,-1.377659,,
2.03E-02,-1.402978,,
2.05E-02,-1.395829,,
2.08E-02,-1.355914,,
2.10E-02,-1.283531,,
2.12E-02,-1.181361,,
2.15E-02,-1.051191,,
2.17E-02,-0.8962976,,
2.20E-02,-0.7205529,,
2.22E-02,-0.5275317,,
2.25E-02,-0.3225956,,
2.27E-02,-0.1093191,,
2.29E-02,0.1060425,,
2.32E-02,0.3190212,,
2.34E-02,0.5248508,,
2.37E-02,0.7184678,,
2.39E-02,0.8951061,,
2.42E-02,1.050297,,
2.44E-02,1.181659,,
2.47E-02,1.285021,,
2.49E-02,1.358,,
2.51E-02,1.399404,,
2.54E-02,1.407446,,
2.56E-02,1.383319,,
2.59E-02,1.326425,,
2.61E-02,1.238553,,
2.64E-02,1.121787,,
2.66E-02,0.9782124,,
2.69E-02,0.8119997,,
2.71E-02,0.6270211,,
2.73E-02,0.4268509,,
2.76E-02,0.216851,,
2.78E-02,2.09E-03,,
2.81E-02,-0.2126808,,
2.83E-02,-0.4229786,,
2.86E-02,-0.622553,,
2.88E-02,-0.8081273,,
2.91E-02,-0.9740422,,
2.93E-02,-1.117319,,
2.95E-02,-1.23468,,
2.98E-02,-1.321957,,
3.00E-02,-1.379446,,
3.03E-02,-1.403574,,
3.05E-02,-1.394936,,
3.08E-02,-1.353531,,
3.10E-02,-1.280255,,
3.13E-02,-1.176595,,
3.15E-02,-1.045532,,
3.17E-02,-0.8900422,,
3.20E-02,-0.7131062,,
3.22E-02,-0.5197871,,
3.25E-02,-0.3139573,,
3.27E-02,-0.1006808,,
3.30E-02,0.1146808,,
3.32E-02,0.3273616,,
3.34E-02,0.5331913,,
3.37E-02,0.7256168,,
3.39E-02,0.9013614,,
3.42E-02,1.056553,,
3.44E-02,1.186127,,
3.47E-02,1.288297,,
3.49E-02,1.359787,,
3.52E-02,1.399999,,
3.54E-02,1.407744,,
3.56E-02,1.381829,,
3.59E-02,1.323446,,
3.61E-02,1.234383,,
3.64E-02,1.116425,,
3.66E-02,0.972255,,
3.69E-02,0.8051487,,
3.71E-02,0.6186807,,
3.74E-02,0.4185105,,
3.76E-02,0.2085106,,
3.78E-02,-6.26E-03,,
3.81E-02,-0.2210212,,
3.83E-02,-0.431319,,
3.86E-02,-0.6302977,,
3.88E-02,-0.8149784,,
3.91E-02,-0.9805954,,
3.93E-02,-1.122383,,
3.96E-02,-1.238255,,
3.98E-02,-1.325234,,
4.00E-02,-1.380638,,
4.03E-02,-1.403872,,
4.05E-02,-1.394042,,
4.08E-02,-1.351148,,
4.10E-02,-1.27668,,
4.13E-02,-1.171829,,
4.15E-02,-1.039872,,
4.17E-02,-0.8828933,,
4.20E-02,-0.7056593,,
4.22E-02,-0.5120423,,
4.25E-02,-0.3059148,,
4.27E-02,-9.20E-02,,
4.30E-02,0.1230212,,
4.32E-02,0.335702,,
4.35E-02,0.5406381,,
4.37E-02,0.7330636,,
4.39E-02,0.9082124,,
4.42E-02,1.062212,,
4.44E-02,1.190893,,
4.47E-02,1.291574,,
4.49E-02,1.36217,,
4.52E-02,1.401489,,
4.54E-02,1.407744,,
4.57E-02,1.380042,,
4.59E-02,1.32017,,
4.61E-02,1.229914,,
4.64E-02,1.111063,,
4.66E-02,0.9659997,,
4.69E-02,0.7977018,,
4.71E-02,0.6112338,,
4.74E-02,0.4104679,,
4.76E-02,0.200468,,
4.79E-02,-1.49E-02,,
4.81E-02,-0.2293616,,
4.83E-02,-0.4390637,,
4.86E-02,-0.6383402,,
4.88E-02,-0.8221273,,
4.91E-02,-0.986255,,
4.93E-02,-1.127744,,
4.96E-02,-1.242723,,
4.98E-02,-1.327914,,
5.00E-02,-1.382425,,
5.03E-02,-1.403872,,
5.05E-02,-1.392851,,
5.08E-02,-1.348765,,
5.10E-02,-1.272808,,
5.13E-02,-1.167063,,
5.15E-02,-1.034212,,
5.18E-02,-0.876638,,
5.20E-02,-0.6982125,,
5.22E-02,-0.5037019,,
5.25E-02,-0.2969786,,
5.27E-02,-8.37E-02,,
5.30E-02,0.1319574,,
5.32E-02,0.3443403,,
5.35E-02,0.5486807,,
5.37E-02,0.7402125,,
5.40E-02,0.9147657,,
5.42E-02,1.067574,,
5.44E-02,1.195957,,
5.47E-02,1.295446,,
5.49E-02,1.364553,,
5.52E-02,1.40268,,
5.54E-02,1.406851,,
5.57E-02,1.378255,,
5.59E-02,1.317787,,
5.62E-02,1.225744,,
5.64E-02,1.105702,,
5.66E-02,0.9600422,,
5.69E-02,0.7908508,,
5.71E-02,0.6031913,,
5.74E-02,0.4018296,,
5.76E-02,0.1909361,,
5.79E-02,-2.41E-02,,
5.81E-02,-0.2385957,,
5.83E-02,-0.447702,,
5.86E-02,-0.645787,,
5.88E-02,-0.8289784,,
5.91E-02,-0.9925103,,
5.93E-02,-1.13251,,
5.96E-02,-1.246595,,
5.98E-02,-1.330893,,
6.01E-02,-1.383914,,
6.03E-02,-1.404468,,
6.05E-02,-1.391361,,
6.08E-02,-1.346085,,
6.10E-02,-1.268936,,
6.13E-02,-1.162595,,
6.15E-02,-1.028553,,
6.18E-02,-0.8697869,,
6.20E-02,-0.6907657,,
6.23E-02,-0.4959573,,
6.25E-02,-0.2889361,,
6.27E-02,-7.54E-02,,
6.30E-02,0.1405957,,
6.32E-02,0.3526807,,
6.35E-02,0.5567232,,
6.37E-02,0.7476593,,
6.40E-02,0.9213188,,
6.42E-02,1.072936,,
6.45E-02,1.199531,,
6.47E-02,1.298425,,
6.49E-02,1.366638,,
6.52E-02,1.40268,,
6.54E-02,1.406255,,
6.57E-02,1.376765,,
6.59E-02,1.314212,,
6.62E-02,1.221574,,
6.64E-02,1.10034,,
6.67E-02,0.9531912,,
6.69E-02,0.783404,,
6.71E-02,0.5954466,,
6.74E-02,0.3937871,,
6.76E-02,0.1825957,,
6.79E-02,-3.25E-02,,
6.81E-02,-0.247234,,
6.84E-02,-0.4551488,,
6.86E-02,-0.6532338,,
6.88E-02,-0.8358295,,
6.91E-02,-0.9984677,,
6.93E-02,-1.137872,,
6.96E-02,-1.250468,,
6.98E-02,-1.333574,,
7.01E-02,-1.385106,,
7.03E-02,-1.40417,,
7.06E-02,-1.390468,,
7.08E-02,-1.343702,,
7.10E-02,-1.265659,,
7.13E-02,-1.157829,,
7.15E-02,-1.022,,
7.18E-02,-0.8629358,,
7.20E-02,-0.683021,,
7.23E-02,-0.487319,,
7.25E-02,-0.2802978,,
7.28E-02,-6.61E-02,,
7.30E-02,0.149234,,
7.32E-02,0.3607233,,
7.35E-02,0.5644679,,
7.37E-02,0.7551061,,
7.40E-02,0.9281699,,
7.42E-02,1.078893,,
7.45E-02,1.204297,,
7.47E-02,1.301404,,
7.50E-02,1.368723,,
7.52E-02,1.403574,,
7.54E-02,1.405659,,
7.57E-02,1.374085,,
7.59E-02,1.311531,,
7.62E-02,1.218,,
7.64E-02,1.095276,,
7.67E-02,0.9463401,,
7.69E-02,0.776255,,
7.71E-02,0.5879998,,
7.74E-02,0.3854467,,
7.76E-02,0.1739574,,
7.79E-02,-4.11E-02,,
7.81E-02,-0.2552765,,
7.84E-02,-0.464085,,
7.86E-02,-0.6606806,,
7.89E-02,-0.8426806,,
7.91E-02,-1.005021,,
7.93E-02,-1.142936,,
7.96E-02,-1.25434,,
7.98E-02,-1.336255,,
8.01E-02,-1.386595,,
8.03E-02,-1.404468,,
8.06E-02,-1.389276,,
8.08E-02,-1.341319,,
8.11E-02,-1.261787,,
8.13E-02,-1.152766,,
8.15E-02,-1.01634,,
8.18E-02,-0.8560848,,
8.20E-02,-0.6758721,,
8.23E-02,-0.4795743,,
8.25E-02,-0.2716595,,
8.28E-02,-5.81E-02,,
8.30E-02,0.1575744,,
8.33E-02,0.3690637,,
8.35E-02,0.5722126,,
8.37E-02,0.7622551,,
8.40E-02,0.9341273,,
8.42E-02,1.084255,,
8.45E-02,1.208766,,
8.47E-02,1.305574,,
8.50E-02,1.371106,,
8.52E-02,1.404468,,
8.54E-02,1.405063,,
8.57E-02,1.372893,,
8.59E-02,1.308255,,
8.62E-02,1.212936,,
8.64E-02,1.089319,,
8.67E-02,0.9397869,,
8.69E-02,0.7691061,,
8.72E-02,0.5796593,,
8.74E-02,0.3771062,,
8.76E-02,0.165617,,
8.79E-02,-4.97E-02,,
8.81E-02,-0.2639148,,
8.84E-02,-0.4718296,,
8.86E-02,-0.6684253,,
8.89E-02,-0.8498295,,
8.91E-02,-1.010978,,
8.94E-02,-1.148,,
8.96E-02,-1.258212,,
8.98E-02,-1.338936,,
9.01E-02,-1.38868,,
9.03E-02,-1.404468,,
9.06E-02,-1.387489,,
9.08E-02,-1.338638,,
9.11E-02,-1.257914,,
9.13E-02,-1.147404,,
9.16E-02,-1.010978,,
9.18E-02,-0.8498295,,
9.20E-02,-0.6684253,,
9.23E-02,-0.4715317,,
9.25E-02,-0.2636169,,
9.28E-02,-4.91E-02,,
9.30E-02,0.1662127,,
9.33E-02,0.3774041,,
9.35E-02,0.5802551,,
9.38E-02,0.769404,,
9.40E-02,0.9412763,,
9.42E-02,1.089915,,
9.45E-02,1.212936,,
9.47E-02,1.308255,,
9.50E-02,1.372893,,
9.52E-02,1.405063,,
9.55E-02,1.40417,,
9.57E-02,1.370808,,
9.59E-02,1.304978,,
9.62E-02,1.208468,,
9.64E-02,1.084255,,
9.67E-02,0.9338294,,
9.69E-02,0.7616593,,
9.72E-02,0.5719147,,
9.74E-02,0.368468,,
9.77E-02,0.1569787,,
9.79E-02,-5.81E-02,,
9.81E-02,-0.2719573,,
9.84E-02,-0.4798722,,
9.86E-02,-0.67617,,
9.89E-02,-0.8569784,,
9.91E-02,-1.016936,,
9.94E-02,-1.152766,,
9.96E-02,-1.262085,,
9.99E-02,-1.341617,,
0.100097656,-1.388978,,
0.100341797,-1.404468,,
0.100585938,-1.386595,,
0.100830078,-1.335957,,
0.101074219,-1.254042,,
0.101318359,-1.142936,,
0.1015625,-1.004127,,
0.101806641,-0.8426806,,
0.102050781,-0.6606806,,
0.102294922,-0.4631913,,
0.102539063,-0.2546808,,
0.102783203,-4.02E-02,,
0.103027344,0.1745531,,
0.103271484,0.3857445,,
0.103515625,0.5885955,,
0.103759766,0.7768508,,
0.104003906,0.9475316,,
0.104248047,1.095574,,
0.104492188,1.217702,,
0.104736328,1.311531,,
0.104980469,1.374382,,
0.105224609,1.405659,,
0.10546875,1.403872,,
0.105712891,1.368723,,
0.105957031,1.301702,,
0.106201172,1.204297,,
0.106445313,1.078297,,
0.106689453,0.9275742,,
0.106933594,0.7548082,,
0.107177734,0.5638722,,
0.107421875,0.3604254,,
0.107666016,0.1486382,,
0.107910156,-6.67E-02,,
0.108154297,-0.2805956,,
0.108398438,-0.4879147,,
0.108642578,-0.6836168,,
0.108886719,-0.8632337,,
0.109130859,-1.022893,,
0.109375,-1.157829,,
0.109619141,-1.265659,,
0.109863281,-1.344,,
0.110107422,-1.390765,,
0.110351563,-1.40417,,
0.110595703,-1.385404,,
0.110839844,-1.333574,,
0.111083984,-1.25017,,
0.111328125,-1.137872,,
0.111572266,-0.9987656,,
0.111816406,-0.8355316,,
0.112060547,-0.6529359,,
0.112304688,-0.4551488,,
0.112548828,-0.2463403,,
0.112792969,-3.19E-02,,
0.113037109,0.1831914,,
0.11328125,0.3943828,,
0.113525391,0.5960423,,
0.113769531,0.7839997,,
0.114013672,0.9537869,,
0.114257813,1.100638,,
0.114501953,1.221872,,
0.114746094,1.315106,,
0.114990234,1.376765,,
0.115234375,1.406553,,
0.115478516,1.403276,,
0.115722656,1.366936,,
0.115966797,1.298127,,
0.116210938,1.199531,,
0.116455078,1.073234,,
0.116699219,0.9207231,,
0.116943359,0.7470636,,
0.1171875,0.5558296,,
0.117431641,0.352085,,
0.117675781,0.14,,
0.117919922,-7.57E-02,,
0.118164063,-0.289234,,
0.118408203,-0.496553,,
0.118652344,-0.6913614,,
0.118896484,-0.8703827,,
0.119140625,-1.028255,,
0.119384766,-1.162893,,
0.119628906,-1.269829,,
0.119873047,-1.346382,,
0.120117188,-1.391659,,
0.120361328,-1.404468,,
0.120605469,-1.384212,,
0.120849609,-1.330595,,
0.12109375,-1.246,,
0.121337891,-1.132808,,
0.121582031,-0.9919145,,
0.121826172,-0.8286806,,
0.122070313,-0.6454892,,
0.122314453,-0.4471062,,
0.122558594,-0.2382978,,
0.122802734,-2.35E-02,,
0.123046875,0.1915319,,
0.123291016,0.4024254,,
0.123535156,0.603787,,
0.123779297,0.7911487,,
0.124023438,0.9600422,,
0.124267578,1.106,,
0.124511719,1.22634,,
0.124755859,1.318085,,
0.125,1.378553,,
0.125244141,1.406851,,
0.125488281,1.402382,,
0.125732422,1.364553,,
0.125976563,1.295148,,
0.126220703,1.195063,,
0.126464844,1.067574,,
0.126708984,0.9141699,,
0.126953125,0.7396168,,
0.127197266,0.5486807,,
0.127441406,0.3434467,,
0.127685547,0.1313616,,
0.127929688,-8.43E-02,,
0.128173828,-0.2981701,,
0.128417969,-0.5039998,,
0.128662109,-0.6988083,,
0.12890625,-0.8769358,,
0.129150391,-1.03451,,
0.129394531,-1.167659,,
0.129638672,-1.273404,,
0.129882813,-1.348765,,
0.130126953,-1.392553,,
0.130371094,-1.403872,,
0.130615234,-1.382425,,
0.130859375,-1.327914,,
0.131103516,-1.242425,,
0.131347656,-1.127446,,
0.131591797,-0.986255,,
0.131835938,-0.8218295,,
0.132080078,-0.6374466,,
0.132324219,-0.4387658,,
0.132568359,-0.2293616,,
0.1328125,-1.46E-02,,
0.133056641,0.2007659,,
0.133300781,0.4110637,,
0.133544922,0.6115317,,
0.133789063,0.7982976,,
0.134033203,0.9662975,,
0.134277344,1.111361,,
0.134521484,1.23051,,
0.134765625,1.320765,,
0.135009766,1.380042,,
0.135253906,1.407446,,
0.135498047,1.401489,,
0.135742188,1.362765,,
0.135986328,1.291574,,
0.136230469,1.190595,,
0.136474609,1.061915,,
0.13671875,0.9079146,,
0.136962891,0.7324678,,
0.137207031,0.5403402,,
0.137451172,0.3354041,,
0.137695313,0.1230212,,
0.137939453,-9.29E-02,,
0.138183594,-0.3065105,,
0.138427734,-0.5117445,,
0.138671875,-0.7062551,,
0.138916016,-0.8837869,,
0.139160156,-1.04017,,
0.139404297,-1.172425,,
0.139648438,-1.276978,,
0.139892578,-1.351744,,
0.140136719,-1.39434,,
0.140380859,-1.403872,,
0.140625,-1.380936,,
0.140869141,-1.324936,,
0.141113281,-1.238255,,
0.141357422,-1.122383,,
0.141601563,-0.9797018,,
0.141845703,-0.8146806,,
0.142089844,-0.6299998,,
0.142333984,-0.4304254,,
0.142578125,-0.2210212,,
0.142822266,-6.26E-03,,
0.143066406,0.2088084,,
0.143310547,0.4191062,,
0.143554688,0.6195742,,
0.143798828,0.8054465,,
0.144042969,0.9725528,,
0.144287109,1.116723,,
0.14453125,1.23468,,
0.144775391,1.323744,,
0.145019531,1.381829,,
0.145263672,1.407446,,
0.145507813,1.399999,,
0.145751953,1.360382,,
0.145996094,1.288,,
0.146240234,1.185829,,
0.146484375,1.055957,,
0.146728516,0.9010635,,
0.146972656,0.7253189,,
0.147216797,0.5325956,,
0.147460938,0.3270637,,
0.147705078,0.1140851,,
0.147949219,-0.1009787,,
0.148193359,-0.3145531,,
0.1484375,-0.5203828,,
0.148681641,-0.713404,,
0.148925781,-0.8903401,,
0.149169922,-1.045829,,
0.149414063,-1.176595,,
0.149658203,-1.280553,,
0.149902344,-1.353531,,
0.150146484,-1.394936,,
0.150390625,-1.403574,,
0.150634766,-1.379446,,
0.150878906,-1.321957,,
0.151123047,-1.234383,,
0.151367188,-1.117021,,
0.151611328,-0.9737443,,
0.151855469,-0.8072338,,
0.152099609,-0.6222551,,
0.15234375,-0.422085,,
0.152587891,-0.212085,,
0.152832031,2.38E-03,,
0.153076172,0.2174467,,
0.153320313,0.4271488,,
0.153564453,0.6273189,,
0.153808594,0.8125954,,
0.154052734,0.9785103,,
0.154296875,1.121787,,
0.154541016,1.238553,,
0.154785156,1.327021,,
0.155029297,1.383617,,
0.155273438,1.408042,,
0.155517578,1.399404,,
0.155761719,1.358,,
0.156005859,1.284425,,
0.15625,1.181063,,
0.156494141,1.05,,
0.156738281,0.8945103,,
0.156982422,0.7178721,,
0.157226563,0.5242552,,
0.157470703,0.3187233,,
0.157714844,0.1057446,,
0.157958984,-0.1099149,,
0.158203125,-0.3225956,,
0.158447266,-0.5281275,,
0.158691406,-0.7214466,,
0.158935547,-0.8971912,,
0.159179688,-1.051489,,
0.159423828,-1.181659,,
0.159667969,-1.283829,,
0.159912109,-1.356212,,
0.16015625,-1.396127,,
0.160400391,-1.403276,,
0.160644531,-1.377063,,
0.160888672,-1.319276,,
0.161132813,-1.23051,,
0.161376953,-1.111957,,
0.161621094,-0.967489,,
0.161865234,-0.8006806,,
0.162109375,-0.6145104,,
0.162353516,-0.4140424,,
0.162597656,-0.2037446,,
0.162841797,1.13E-02,,
0.163085938,0.2254893,,
0.163330078,0.4354892,,
0.163574219,0.6353615,,
0.163818359,0.8197444,,
0.1640625,0.9850635,,
0.164306641,1.127149,,
0.164550781,1.243319,,
0.164794922,1.329702,,
0.165039063,1.385106,,
0.165283203,1.408042,,
0.165527344,1.398808,,
0.165771484,1.355914,,
0.166015625,1.280851,,
0.166259766,1.176297,,
0.166503906,1.044638,,
0.166748047,0.8876593,,
0.166992188,0.7101274,,
0.167236328,0.5165104,,
0.167480469,0.310085,,
0.167724609,9.71E-02,,
0.16796875,-0.1185531,,
0.168212891,-0.3315318,,
0.168457031,-0.53617,,
0.168701172,-0.7285955,,
0.168945313,-0.9037443,,
0.169189453,-1.057149,,
0.169433594,-1.186425,,
0.169677734,-1.287404,,
0.169921875,-1.358,,
0.170166016,-1.397021,,
0.170410156,-1.40268,,
0.170654297,-1.375872,,
0.170898438,-1.316297,,
0.171142578,-1.226042,,
0.171386719,-1.106595,,
0.171630859,-0.9612337,,
0.171875,-0.7935317,,
0.172119141,-0.6070636,,
0.172363281,-0.405702,,
0.172607422,-0.1954042,,
0.172851563,2.00E-02,,
0.173095703,0.2347233,,
0.173339844,0.4432339,,
0.173583984,0.6428083,,
0.173828125,0.8265954,,
0.174072266,0.9910209,,
0.174316406,1.132212,,
0.174560547,1.247191,,
0.174804688,1.332382,,
0.175048828,1.386595,,
0.175292969,1.40834,,
0.175537109,1.397319,,
0.17578125,1.353234,,
0.176025391,1.277276,,
0.176269531,1.171829,,
0.176513672,1.038383,,
0.176757813,0.8811061,,
0.177001953,0.7026806,,
0.177246094,0.5078722,,
0.177490234,0.3014467,,
0.177734375,8.79E-02,,
0.177978516,-0.1268936,,
0.178222656,-0.3398722,,
0.178466797,-0.5439147,,
0.178710938,-0.7360423,,
0.178955078,-0.9099997,,
0.179199219,-1.062808,,
0.179443359,-1.191191,,
0.1796875,-1.290383,,
0.179931641,-1.360382,,
0.180175781,-1.397914,,
0.180419922,-1.401787,,
0.180664063,-1.374085,,
0.180908203,-1.313319,,
0.181152344,-1.221574,,
0.181396484,-1.100936,,
0.181640625,-0.9546805,,
0.181884766,-0.7863827,,
0.182128906,-0.5987232,,
0.182373047,-0.3976594,,
0.182617188,-0.1867659,,
0.182861328,2.83E-02,,
0.183105469,0.2430637,,
0.183349609,0.4518722,,
0.18359375,0.6505529,,
0.183837891,0.8337444,,
0.184082031,0.9969783,,
0.184326172,1.137276,,
0.184570313,1.250766,,
0.184814453,1.335063,,
0.185058594,1.388085,,
0.185302734,1.408638,,
0.185546875,1.396127,,
0.185791016,1.350553,,
0.186035156,1.273702,,
0.186279297,1.167063,,
0.186523438,1.033021,,
0.186767578,0.874255,,
0.187011719,0.6958295,,
0.187255859,0.5004253,,
0.1875,0.2931063,,
0.187744141,7.98E-02,,
0.187988281,-0.1355319,,
0.188232422,-0.3482126,,
0.188476563,-0.5522551,,
0.188720703,-0.7431912,,
0.188964844,-0.9168507,,
0.189208984,-1.06817,,
0.189453125,-1.195659,,
0.189697266,-1.294255,,
0.189941406,-1.36217,,
0.190185547,-1.39851,,
0.190429688,-1.401787,,
0.190673828,-1.372,,
0.190917969,-1.31034,,
0.191162109,-1.217404,,
0.19140625,-1.09617,,
0.191650391,-0.9487231,,
0.191894531,-0.7789359,,
0.192138672,-0.5909785,,
0.192382813,-0.389319,,
0.192626953,-0.1784255,,
0.192871094,3.66E-02,,
0.193115234,0.2514042,,
0.193359375,0.4599147,,
0.193603516,0.6582977,,
0.193847656,0.8405954,,
0.194091797,1.002936,,
0.194335938,1.142638,,
0.194580078,1.254936,,
0.194824219,1.337744,,
0.195068359,1.389276,,
0.1953125,1.408638,,
0.195556641,1.395234,,
0.195800781,1.347872,,
0.196044922,1.269829,,
0.196289063,1.162297,,
0.196533203,1.026468,,
0.196777344,0.8677018,,
0.197021484,0.6874891,,
0.197265625,0.491787,,
0.197509766,0.2847659,,
0.197753906,7.09E-02,,
0.197998047,-0.144468,,
0.198242188,-0.3565531,,
0.198486328,-0.5599998,,
0.198730469,-0.750638,,
0.198974609,-0.9231061,,
0.19921875,-1.074425,,
0.199462891,-1.199829,,
0.199707031,-1.296936,,
0.199951172,-1.363957,,
0.200195313,-1.399404,,
0.200439453,-1.401489,,
0.200683594,-1.369914,,
0.200927734,-1.307063,,
0.201171875,-1.213234,,
0.201416016,-1.090212,,
0.201660156,-0.9424677,,
0.201904297,-0.7717869,,
0.202148438,-0.5832338,,
0.202392578,-0.3809786,,
0.202636719,-0.1697872,,
0.202880859,4.56E-02,,
0.203125,0.2603403,,
0.203369141,0.4682552,,
0.203613281,0.6654466,,
0.203857422,0.8471487,,
0.204101563,1.008893,,
0.204345703,1.147106,,
0.204589844,1.25851,,
0.204833984,1.340723,,
0.205078125,1.391361,,
0.205322266,1.409234,,
0.205566406,1.393744,,
0.205810547,1.345787,,
0.206054688,1.266255,,
0.206298828,1.156638,,
0.206542969,1.020808,,
0.206787109,0.8605529,,
0.20703125,0.6800423,,
0.207275391,0.4840424,,
0.207519531,0.2767233,,
0.207763672,6.23E-02,,
0.208007813,-0.1528085,,
0.208251953,-0.3648935,,
0.208496094,-0.5677445,,
0.208740234,-0.757787,,
0.208984375,-0.9299571,,
0.209228516,-1.079787,,
0.209472656,-1.204595,,
0.209716797,-1.300808,,
0.209960938,-1.366638,,
0.210205078,-1.399702,,
0.210449219,-1.400595,,
0.210693359,-1.368425,,
0.2109375,-1.303787,,
0.211181641,-1.208766,,
0.211425781,-1.085149,,
0.211669922,-0.9356167,,
0.211914063,-0.7643402,,
0.212158203,-0.5751913,,
0.212402344,-0.3726382,,
0.212646484,-0.160851,,
0.212890625,5.45E-02,,
0.213134766,0.2683829,,
0.213378906,0.4762977,,
0.213623047,0.6728933,,
0.213867188,0.8539997,,
0.214111328,1.014851,,
0.214355469,1.15217,,
0.214599609,1.262978,,
0.21484375,1.343106,,
0.215087891,1.392255,,
0.215332031,1.408936,,
0.215576172,1.392255,,
0.215820313,1.343404,,
0.216064453,1.262383,,
0.216308594,1.15217,,
0.216552734,1.015149,,
0.216796875,0.8537018,,
0.217041016,0.6725955,,
0.217285156,0.4759998,,
0.217529297,0.2674893,,
0.217773438,5.33E-02,,
0.218017578,-0.1617446,,
0.218261719,-0.372936,,
0.218505859,-0.5760849,,
0.21875,-0.7652338,,
0.218994141,-0.9365103,,
0.219238281,-1.085149,,
0.219482422,-1.208766,,
0.219726563,-1.304085,,
0.219970703,-1.368723,,
0.220214844,-1.400893,,
0.220458984,-1.399702,,
0.220703125,-1.366042,,
0.220947266,-1.30051,,
0.221191406,-1.203702,,
0.221435547,-1.079191,,
0.221679688,-0.9293613,,
0.221923828,-0.7571912,,
0.222167969,-0.5677445,,
0.222412109,-0.3642977,,
0.22265625,-0.1525106,,
0.222900391,6.29E-02,,
0.223144531,0.2770212,,
0.223388672,0.4846381,,
0.223632813,0.6809359,,
0.223876953,0.8611487,,
0.224121094,1.021404,,
0.224365234,1.157531,,
0.224609375,1.266553,,
0.224853516,1.346085,,
0.225097656,1.393744,,
0.225341797,1.408936,,
0.225585938,1.391063,,
0.225830078,1.340127,,
0.226074219,1.25851,,
0.226318359,1.147404,,
0.2265625,1.008893,,
0.226806641,0.8468508,,
0.227050781,0.6654466,,
0.227294922,0.4676594,,
0.227539063,0.2594467,,
0.227783203,4.53E-02,,
0.228027344,-0.170085,,
0.228271484,-0.3812765,,
0.228515625,-0.5838296,,
0.228759766,-0.7726806,,
0.229003906,-0.9427656,,
0.229248047,-1.09051,,
0.229492188,-1.212936,,
0.229736328,-1.307063,,
0.229980469,-1.37051,,
0.230224609,-1.401191,,
0.23046875,-1.399106,,
0.230712891,-1.364553,,
0.230957031,-1.297531,,
0.231201172,-1.199531,,
0.231445313,-1.073829,,
0.231689453,-0.9228082,,
0.231933594,-0.7503402,,
0.232177734,-0.5594041,,
0.232421875,-0.3556595,,
0.232666016,-0.1438723,,
0.232910156,7.15E-02,,
0.233154297,0.2850637,,
0.233398438,0.4926807,,
0.233642578,0.6883827,,
0.233886719,0.8679997,,
0.234130859,1.027361,,
0.234375,1.162297,,
0.234619141,1.270127,,
0.234863281,1.34817,,
0.235107422,1.394936,,
0.235351563,1.408638,,
0.235595703,1.389276,,
0.235839844,1.337744,,
0.236083984,1.254638,,
0.236328125,1.142042,,
0.236572266,1.002638,,
0.236816406,0.8399997,,
0.237060547,0.657404,,
0.237304688,0.4590211,,
0.237548828,0.2511063,,
0.237792969,3.63E-02,,
0.238037109,-0.1787233,,
0.23828125,-0.389319,,
0.238525391,-0.5918722,,
0.238769531,-0.7795317,,
0.239013672,-0.9490209,,
0.239257813,-1.09617,,
0.239501953,-1.217404,,
0.239746094,-1.31034,,
0.239990234,-1.372,,
0.240234375,-1.402085,,
0.240478516,-1.398212,,
0.240722656,-1.362468,,
0.240966797,-1.294255,,
0.241210938,-1.195063,,
0.241455078,-1.068468,,
0.241699219,-0.9165528,,
0.241943359,-0.7428933,,
0.2421875,-0.5516594,,
0.242431641,-0.347319,,
0.242675781,-0.135234,,
0.242919922,8.01E-02,,
0.243164063,0.293702,,
0.243408203,0.5004253,,
0.243652344,0.6961274,,
0.243896484,0.8745529,,
0.244140625,1.033021,,
0.244384766,1.167361,,
0.244628906,1.274,,
0.244873047,1.350851,,
0.245117188,1.396425,,
0.245361328,1.408638,,
0.245605469,1.388085,,
0.245849609,1.335659,,
0.24609375,1.250766,,
0.246337891,1.136978,,
0.246582031,0.9966805,,
0.246826172,0.8331487,,
0.247070313,0.6496593,,
0.247314453,0.4512764,,
0.247558594,0.242468,,
0.247802734,2.83E-02,,
0.248046875,-0.1870638,,
0.248291016,-0.3982552,,
0.248535156,-0.5993189,,
0.248779297,-0.7866806,,
0.249023438,-0.955872,,
0.249267578,-1.101532,,
0.249511719,-1.221872,,
0.249755859,-1.313617,,
0.25,-1.374382,,
0.250244141,-1.402085,,
0.250488281,-1.397617,,
0.250732422,-1.360382,,
0.250976563,-1.290383,,
0.251220703,-1.190297,,
0.251464844,-1.06251,,
0.251708984,-0.9097018,,
0.251953125,-0.7354466,,
0.252197266,-0.5436168,,
0.252441406,-0.3389786,,
0.252685547,-0.1268936,,
0.252929688,8.88E-02,,
0.253173828,0.3023403,,
0.253417969,0.50817,,
0.253662109,0.7032763,,
0.25390625,0.8817018,,
0.254150391,1.03868,,
0.254394531,1.171829,,
0.254638672,1.277276,,
0.254882813,1.353234,,
0.255126953,1.397319,,
0.255371094,1.40834,,
0.255615234,1.386595,,
0.255859375,1.332382,,
0.256103516,1.246893,,
0.256347656,1.131914,,
0.256591797,0.9907231,,
0.256835938,0.8262976,,
0.257080078,0.6419147,,
0.257324219,0.4432339,,
0.257568359,0.2341276,,
0.2578125,1.91E-02,,
0.258056641,-0.1959999,,
0.258300781,-0.405702,,
0.258544922,-0.6070636,,
0.258789063,-0.7938295,,
0.259033203,-0.9615316,,
0.259277344,-1.106893,,
0.259521484,-1.22634,,
0.259765625,-1.316297,,
0.260009766,-1.375574,,
0.260253906,-1.40268,,
0.260498047,-1.396723,,
0.260742188,-1.357702,,
0.260986328,-1.287106,,
0.261230469,-1.186127,,
0.261474609,-1.057446,,
0.26171875,-0.9031486,,
0.261962891,-0.7279997,,
0.262207031,-0.5355743,,
0.262451172,-0.3306382,,
0.262695313,-0.1182553,,
0.262939453,9.74E-02,,
0.263183594,0.3109786,,
0.263427734,0.5168083,,
0.263671875,0.7107232,,
0.263916016,0.8879572,,
0.264160156,1.044936,,
0.264404297,1.176893,,
0.264648438,1.281148,,
0.264892578,1.356212,,
0.265136719,1.39851,,
0.265380859,1.40834,,
0.265625,1.385106,,
0.265869141,1.329106,,
0.266113281,1.242425,,
0.266357422,1.126553,,
0.266601563,0.9844677,,
0.266845703,0.8191487,,
0.267089844,0.6344678,,
0.267333984,0.4348935,,
0.267578125,0.2251914,,
0.267822266,1.04E-02,,
0.268066406,-0.2046382,,
0.268310547,-0.4146382,,
0.268554688,-0.6148083,,
0.268798828,-0.8006806,,
0.269042969,-0.9683827,,
0.269287109,-1.112255,,
0.26953125,-1.229914,,
0.269775391,-1.318978,,
0.270019531,-1.377063,,
0.270263672,-1.403276,,
0.270507813,-1.396127,,
0.270751953,-1.355617,,
0.270996094,-1.283234,,
0.271240234,-1.181361,,
0.271484375,-1.051191,,
0.271728516,-0.8968933,,
0.271972656,-0.7211487,,
0.272216797,-0.5272338,,
0.272460938,-0.3222978,,
0.272705078,-0.1093191,,
0.272949219,0.1063404,,
0.273193359,0.3190212,,
0.2734375,0.5248508,,
0.273681641,0.7184678,,
0.273925781,0.8948082,,
0.274169922,1.050297,,
0.274414063,1.181659,,
0.274658203,1.285021,,
0.274902344,1.358297,,
0.275146484,1.399404,,
0.275390625,1.40834,,
0.275634766,1.383319,,
0.275878906,1.326723,,
0.276123047,1.238553,,
0.276367188,1.121489,,
0.276611328,0.9782124,,
0.276855469,0.8119997,,
0.277099609,0.6267232,,
0.27734375,0.4268509,,
0.277587891,0.2165531,,
0.277832031,2.09E-03,,
0.278076172,-0.2129786,,
0.278320313,-0.4223828,,
0.278564453,-0.6222551,,
0.278808594,-0.8078295,,
0.279052734,-0.9743401,,
0.279296875,-1.117319,,
0.279541016,-1.234383,,
0.279785156,-1.322255,,
0.280029297,-1.378851,,
0.280273438,-1.403872,,
0.280517578,-1.394936,,
0.280761719,-1.353531,,
0.281005859,-1.280255,,
0.28125,-1.177191,,
0.281494141,-1.046127,,
0.281738281,-0.8903401,,
0.281982422,-0.7131062,,
0.282226563,-0.5194892,,
0.282470703,-0.3142552,,
0.282714844,-0.1012766,,
0.282958984,0.1146808,,
0.283203125,0.3273616,,
0.283447266,0.5325956,,
0.283691406,0.7259147,,
0.283935547,0.9013614,,
0.284179688,1.055957,,
0.284423828,1.186127,,
0.284667969,1.288297,,
0.284912109,1.360382,,
0.28515625,1.400297,,
0.285400391,1.407744,,
0.285644531,1.382127,,
0.285888672,1.323446,,
0.286132813,1.234383,,
0.286376953,1.116425,,
0.286621094,0.9719571,,
0.286865234,0.8048508,,
0.287109375,0.6189785,,
0.287353516,0.4188084,,
0.287597656,0.2082127,,
0.287841797,-6.85E-03,,
0.288085938,-0.2213191,,
0.288330078,-0.4310211,,
0.288574219,-0.6305955,,
0.288818359,-0.8149784,,
0.2890625,-0.9802975,,
0.289306641,-1.12268,,
0.289550781,-1.238851,,
0.289794922,-1.325234,,
0.290039063,-1.380936,,
0.290283203,-1.40417,,
0.290527344,-1.393446,,
0.290771484,-1.350851,,
0.291015625,-1.27668,,
0.291259766,-1.171829,,
0.291503906,-1.039574,,
0.291748047,-0.8831912,,
0.291992188,-0.7059572,,
0.292236328,-0.5120423,,
0.292480469,-0.3059148,,
0.292724609,-9.23E-02,,
0.29296875,0.1233191,,
0.293212891,0.3359999,,
0.293457031,0.540936,,
0.293701172,0.7327657,,
0.293945313,0.9079146,,
0.294189453,1.061915,,
0.294433594,1.190893,,
0.294677734,1.291872,,
0.294921875,1.362468,,
0.295166016,1.401191,,
0.295410156,1.406851,,
0.295654297,1.380042,,
0.295898438,1.320765,,
0.296142578,1.230212,,
0.296386719,1.110766,,
0.296630859,0.9657018,,
0.296875,0.7977018,,
0.297119141,0.6112338,,
0.297363281,0.4107658,,
0.297607422,0.2001701,,
0.297851563,-1.58E-02,,
0.298095703,-0.2296595,,
0.298339844,-0.4390637,,
0.298583984,-0.6380423,,
0.298828125,-0.8218295,,
0.299072266,-0.9865528,,
0.299316406,-1.127744,,
0.299560547,-1.242425,,
0.299804688,-1.328212,,
0.300048828,-1.382723,,
0.300292969,-1.403872,,
0.300537109,-1.392255,,
0.30078125,-1.348765,,
0.301025391,-1.273106,,
0.301269531,-1.166766,,
0.301513672,-1.033915,,
0.301757813,-0.876638,,
0.302001953,-0.6982125,,
0.302246094,-0.5037019,,
0.302490234,-0.2972765,,
0.302734375,-8.37E-02,,
0.302978516,0.1313616,,
0.303222656,0.3440424,,
0.303466797,0.5486807,,
0.303710938,0.7408082,,
0.303955078,0.9147657,,
0.304199219,1.067574,,
0.304443359,1.195361,,
0.3046875,1.295446,,
0.304931641,1.364553,,
0.305175781,1.402085,,
0.305419922,1.406553,,
0.305664063,1.377957,,
0.305908203,1.317489,,
0.306152344,1.226042,,
0.306396484,1.105404,,
0.306640625,0.9597443,,
0.306884766,0.7905529,,
0.307128906,0.6034892,,
0.307373047,0.4021275,,
0.307617188,0.191234,,
0.307861328,-2.35E-02,,
0.308105469,-0.2382978,,
0.308349609,-0.4474041,,
0.30859375,-0.645787,,
0.308837891,-0.8292763,,
0.309082031,-0.9922124,,
0.309326172,-1.133106,,
0.309570313,-1.246893,,
0.309814453,-1.330595,,
0.310058594,-1.383617,,
0.310302734,-1.40417,,
0.310546875,-1.391659,,
0.310791016,-1.346382,,
0.311035156,-1.269234,,
0.311279297,-1.162595,,
0.311523438,-1.028255,,
0.311767578,-0.8697869,,
0.312011719,-0.6907657,,
0.312255859,-0.4953615,,
0.3125,-0.2889361,,
0.312744141,-7.51E-02,,
0.312988281,0.1405957,,
0.313232422,0.3526807,,
0.313476563,0.5570211,,
0.313720703,0.7476593,,
0.313964844,0.9213188,,
0.314208984,1.073234,,
0.314453125,1.199531,,
0.314697266,1.298425,,
0.314941406,1.366638,,
0.315185547,1.402978,,
0.315429688,1.406255,,
0.315673828,1.376468,,
0.315917969,1.315106,,
0.316162109,1.221872,,
0.31640625,1.100042,,
0.316650391,0.953489,,
0.316894531,0.7837018,,
0.317138672,0.5957445,,
0.317382813,0.3937871,,
0.317626953,0.1825957,,
0.317871094,-3.22E-02,,
0.318115234,-0.2469361,,
0.318359375,-0.4557445,,
0.318603516,-0.6538296,,
0.318847656,-0.8361273,,
0.319091797,-0.9987656,,
0.319335938,-1.138468,,
0.319580078,-1.250468,,
0.319824219,-1.333574,,
0.320068359,-1.385702,,
0.3203125,-1.40417,,
0.320556641,-1.390468,,
0.320800781,-1.343702,,
0.321044922,-1.265361,,
0.321289063,-1.157234,,
0.321533203,-1.022,,
0.321777344,-0.8632337,,
0.322021484,-0.683021,,
0.322265625,-0.4870211,,
0.322509766,-0.2802978,,
0.322753906,-6.64E-02,,
0.322998047,0.1489361,,
0.323242188,0.3607233,,
0.323486328,0.5644679,,
0.323730469,0.7548082,,
0.323974609,0.927872,,
0.32421875,1.078595,,
0.324462891,1.204297,,
0.324707031,1.302,,
0.324951172,1.369021,,
0.325195313,1.403872,,
0.325439453,1.405659,,
0.325683594,1.37468,,
0.325927734,1.311531,,
0.326171875,1.217702,,
0.326416016,1.094978,,
0.326660156,0.9469358,,
0.326904297,0.7765529,,
0.327148438,0.5879998,,
0.327392578,0.3854467,,
0.327636719,0.1742553,,
0.327880859,-4.08E-02,,
0.328125,-0.2558722,,
0.328369141,-0.4637871,,
0.328613281,-0.6609785,,
0.328857422,-0.8429784,,
0.329101563,-1.005021,,
0.329345703,-1.143234,,
0.329589844,-1.25434,,
0.329833984,-1.336255,,
0.330078125,-1.386297,,
0.330322266,-1.404468,,
0.330566406,-1.389276,,
0.330810547,-1.341021,,
0.331054688,-1.261787,,
0.331298828,-1.152766,,
0.331542969,-1.01634,,
0.331787109,-0.8560848,,
0.33203125,-0.6755742,,
0.332275391,-0.4795743,,
0.332519531,-0.2719573,,
0.332763672,-5.81E-02,,
0.333007813,0.1572765,,
0.333251953,0.3690637,,
0.333496094,0.5722126,,
0.333740234,0.7619572,,
0.333984375,0.9341273,,
0.334228516,1.084255,,
0.334472656,1.208766,,
0.334716797,1.304978,,
0.334960938,1.370808,,
0.335205078,1.404468,,
0.335449219,1.405659,,
0.335693359,1.372893,,
0.3359375,1.308255,,
0.336181641,1.212638,,
0.336425781,1.089319,,
0.336669922,0.9403827,,
0.336914063,0.769404,,
0.337158203,0.5799572,,
0.337402344,0.3774041,,
0.337646484,0.165617,,
0.337890625,-5.00E-02,,
0.338134766,-0.2639148,,
0.338378906,-0.4721275,,
0.338623047,-0.669021,,
0.338867188,-0.8492337,,
0.339111328,-1.01068,,
0.339355469,-1.148297,,
0.339599609,-1.258212,,
0.33984375,-1.338936,,
0.340087891,-1.388085,,
0.340332031,-1.404468,,
0.340576172,-1.387489,,
0.340820313,-1.338638,,
0.341064453,-1.257914,,
0.341308594,-1.147404,,
0.341552734,-1.010383,,
0.341796875,-0.8492337,,
0.342041016,-0.6684253,,
0.342285156,-0.4715317,,
0.342529297,-0.263319,,
0.342773438,-4.91E-02,,
0.343017578,0.1659148,,
0.343261719,0.377702,,
0.343505859,0.5802551,,
0.34375,0.7697018,,
0.343994141,0.9409784,,
0.344238281,1.089617,,
0.344482422,1.213531,,
0.344726563,1.308255,,
0.344970703,1.372893,,
0.345214844,1.405361,,
0.345458984,1.404765,,
0.345703125,1.370808,,
0.345947266,1.304978,,
0.346191406,1.208468,,
0.346435547,1.083659,,
0.346679688,0.9338294,,
0.346923828,0.7619572,,
0.347167969,0.5722126,,
0.347412109,0.3690637,,
0.34765625,0.1569787,,
0.347900391,-5.84E-02,,
0.348144531,-0.2725531,,
0.348388672,-0.48017,,
0.348632813,-0.67617,,
0.348876953,-0.8563827,,
0.349121094,-1.016638,,
0.349365234,-1.152766,,
0.349609375,-1.262085,,
0.349853516,-1.341319,,
0.350097656,-1.388978,,
0.350341797,-1.404468,,
0.350585938,-1.386595,,
0.350830078,-1.336255,,
0.351074219,-1.25434,,
0.351318359,-1.142638,,
0.3515625,-1.004127,,
0.351806641,-0.8420848,,
0.352050781,-0.6603827,,
0.352294922,-0.4631913,,
0.352539063,-0.2549786,,
0.352783203,-4.08E-02,,
0.353027344,0.174851,,
0.353271484,0.3860424,,
0.353515625,0.5882977,,
0.353759766,0.7768508,,
0.354003906,0.9469358,,
0.354248047,1.095276,,
0.354492188,1.217702,,
0.354736328,1.311531,,
0.354980469,1.37468,,
0.355224609,1.405659,,
0.35546875,1.403872,,
0.355712891,1.368425,,
0.355957031,1.301702,,
0.356201172,1.204297,,
0.356445313,1.078297,,
0.356689453,0.9272763,,
0.356933594,0.7545103,,
0.357177734,0.56417,,
0.357421875,0.3607233,,
0.357666016,0.1486382,,
0.357910156,-6.70E-02,,
0.358154297,-0.2805956,,
0.358398438,-0.4882126,,
0.358642578,-0.6839147,,
0.358886719,-0.8632337,,
0.359130859,-1.022595,,
0.359375,-1.157829,,
0.359619141,-1.265957,,
0.359863281,-1.343702,,
0.360107422,-1.390468,,
0.360351563,-1.404468,,
0.360595703,-1.385106,,
0.360839844,-1.333574,,
0.361083984,-1.250468,,
0.361328125,-1.137872,,
0.361572266,-0.9981698,,
0.361816406,-0.8355316,,
0.362060547,-0.6532338,,
0.362304688,-0.4548509,,
0.362548828,-0.2466382,,
0.362792969,-3.22E-02,,
0.363037109,0.1828935,,
0.36328125,0.3937871,,
0.363525391,0.5957445,,
0.363769531,0.7837018,,
0.364013672,0.953489,,
0.364257813,1.10034,,
0.364501953,1.221872,,
0.364746094,1.31451,,
0.364990234,1.376765,,
0.365234375,1.406851,,
0.365478516,1.402978,,
0.365722656,1.366638,,
0.365966797,1.298127,,
0.366210938,1.199829,,
0.366455078,1.072936,,
0.366699219,0.9207231,,
0.366943359,0.7473614,,
0.3671875,0.5561275,,
0.367431641,0.3523828,,
0.367675781,0.1397021,,
0.367919922,-7.60E-02,,
0.368164063,-0.2889361,,
0.368408203,-0.4962551,,
0.368652344,-0.6913614,,
0.368896484,-0.8700848,,
0.369140625,-1.028553,,
0.369384766,-1.162595,,
0.369628906,-1.269829,,
0.369873047,-1.346382,,
0.370117188,-1.391659,,
0.370361328,-1.403872,,
0.370605469,-1.383617,,
0.370849609,-1.330893,,
0.37109375,-1.246297,,
0.371337891,-1.132808,,
0.371582031,-0.9922124,,
0.371826172,-0.8283827,,
0.372070313,-0.6454892,,
0.372314453,-0.4471062,,
0.372558594,-0.2379999,,
0.372802734,-2.32E-02,,
0.373046875,0.1918297,,
0.373291016,0.4021275,,
0.373535156,0.603787,,
0.373779297,0.7908508,,
0.374023438,0.9600422,,
0.374267578,1.106,,
0.374511719,1.22634,,
0.374755859,1.318085,,
0.375,1.378851,,
0.375244141,1.406553,,
0.375488281,1.401787,,
0.375732422,1.364553,,
0.375976563,1.294851,,
0.376220703,1.195361,,
0.376464844,1.067574,,
0.376708984,0.9144678,,
0.376953125,0.7396168,,
0.377197266,0.5480849,,
0.377441406,0.3437445,,
0.377685547,0.1313616,,
0.377929688,-8.43E-02,,
0.378173828,-0.2972765,,
0.378417969,-0.5039998,,
0.378662109,-0.6988083,,
0.37890625,-0.8772337,,
0.379150391,-1.03451,,
0.379394531,-1.167063,,
0.379638672,-1.273106,,
0.379882813,-1.349063,,
0.380126953,-1.392255,,
0.380371094,-1.40417,,
0.380615234,-1.382425,,
0.380859375,-1.327617,,
0.381103516,-1.242425,,
0.381347656,-1.127744,,
0.381591797,-0.9859571,,
0.381835938,-0.8212337,,
0.382080078,-0.6377444,,
0.382324219,-0.4387658,,
0.382568359,-0.2293616,,
0.3828125,-1.49E-02,,
0.383056641,0.200468,,
0.383300781,0.4107658,,
0.383544922,0.6118296,,
0.383789063,0.7985954,,
0.384033203,0.9662975,,
0.384277344,1.111361,,
0.384521484,1.23051,,
0.384765625,1.320765,,
0.385009766,1.380042,,
0.385253906,1.407148,,
0.385498047,1.401191,,
0.385742188,1.362765,,
0.385986328,1.291276,,
0.386230469,1.190595,,
0.386474609,1.061915,,
0.38671875,0.9079146,,
0.386962891,0.7330636,,
0.387207031,0.5400423,,
0.387451172,0.335702,,
0.387695313,0.1224255,,
0.387939453,-9.29E-02,,
0.388183594,-0.3062127,,
0.388427734,-0.5123402,,
0.388671875,-0.7059572,,
0.388916016,-0.8834891,,
0.389160156,-1.04017,,
0.389404297,-1.172425,,
0.389648438,-1.276383,,
0.389892578,-1.350851,,
0.390136719,-1.393446,,
0.390380859,-1.403276,,
0.390625,-1.380638,,
0.390869141,-1.325234,,
0.391113281,-1.238255,,
0.391357422,-1.122085,,
0.391601563,-0.9799997,,
0.391845703,-0.8149784,,
0.392089844,-0.6299998,,
0.392333984,-0.4298296,,
0.392578125,-0.2210212,,
0.392822266,-5.96E-03,,
0.393066406,0.2094042,,
0.393310547,0.4191062,,
0.393554688,0.6192763,,
0.393798828,0.8054465,,
0.394042969,0.9725528,,
0.394287109,1.117021,,
0.39453125,1.23468,,
0.394775391,1.323744,,
0.395019531,1.382127,,
0.395263672,1.407744,,
0.395507813,1.400595,,
0.395751953,1.360382,,
0.395996094,1.288,,
0.396240234,1.186425,,
0.396484375,1.056255,,
0.396728516,0.9013614,,
0.396972656,0.7253189,,
0.397216797,0.5322977,,
0.397460938,0.3267658,,
0.397705078,0.1140851,,
0.397949219,-0.1015744,,
0.398193359,-0.3142552,,
0.3984375,-0.5200849,,
0.398681641,-0.7137018,,
0.398925781,-0.8903401,,
0.399169922,-1.046127,,
0.399414063,-1.176893,,
0.399658203,-1.280553,,
0.399902344,-1.353531,,
0.400146484,-1.394936,,
0.400390625,-1.403276,,
0.400634766,-1.378851,,
0.400878906,-1.322255,,
0.401123047,-1.234383,,
0.401367188,-1.117021,,
0.401611328,-0.9737443,,
0.401855469,-0.8075316,,
0.402099609,-0.6222551,,
0.40234375,-0.4226807,,
0.402587891,-0.2126808,,
0.402832031,2.68E-03,,
0.403076172,0.2171489,,
0.403320313,0.4274467,,
0.403564453,0.6273189,,
0.403808594,0.8122976,,
0.404052734,0.9788082,,
0.404296875,1.121787,,
0.404541016,1.238851,,
0.404785156,1.326425,,
0.405029297,1.383021,,
0.405273438,1.407744,,
0.405517578,1.399106,,
0.405761719,1.358,,
0.406005859,1.284425,,
0.40625,1.181063,,
0.406494141,1.05,,
0.406738281,0.8945103,,
0.406982422,0.7178721,,
0.407226563,0.5242552,,
0.407470703,0.3187233,,
0.407714844,0.1054468,,
0.407958984,-0.109617,,
0.408203125,-0.3228935,,
0.408447266,-0.5284253,,
0.408691406,-0.7211487,,
0.408935547,-0.8968933,,
0.409179688,-1.051489,,
0.409423828,-1.181659,,
0.409667969,-1.284127,,
0.409912109,-1.355914,,
0.41015625,-1.395829,,
0.410400391,-1.402978,,
0.410644531,-1.377361,,
0.410888672,-1.318978,,
0.411132813,-1.229914,,
0.411376953,-1.112255,,
0.411621094,-0.9677869,,
0.411865234,-0.8006806,,
0.412109375,-0.6142126,,
0.412353516,-0.4140424,,
0.412597656,-0.2040425,,
0.412841797,1.10E-02,,
0.413085938,0.226085,,
0.413330078,0.4357871,,
0.413574219,0.6350636,,
0.413818359,0.8194465,,
0.4140625,0.9850635,,
0.414306641,1.127149,,
0.414550781,1.243021,,
0.414794922,1.329404,,
0.415039063,1.384808,,
0.415283203,1.408638,,
0.415527344,1.39851,,
0.415771484,1.355617,,
0.416015625,1.281148,,
0.416259766,1.176297,,
0.416503906,1.04434,,
0.416748047,0.8876593,,
0.416992188,0.7098295,,
0.417236328,0.5162126,,
0.417480469,0.3106807,,
0.417724609,9.71E-02,,
0.41796875,-0.118851,,
0.418212891,-0.3318297,,
0.418457031,-0.5364679,,
0.418701172,-0.7285955,,
0.418945313,-0.9037443,,
0.419189453,-1.057149,,
0.419433594,-1.186425,,
0.419677734,-1.287702,,
0.419921875,-1.358297,,
0.420166016,-1.397021,,
0.420410156,-1.40268,,
0.420654297,-1.375574,,
0.420898438,-1.316,,
0.421142578,-1.225744,,
0.421386719,-1.106595,,
0.421630859,-0.9615316,,
0.421875,-0.7932338,,
0.422119141,-0.6067657,,
0.422363281,-0.405702,,
0.422607422,-0.1954042,,
0.422851563,1.97E-02,,
0.423095703,0.2344254,,
0.423339844,0.4435318,,
0.423583984,0.6425104,,
0.423828125,0.8262976,,
0.424072266,0.9910209,,
0.424316406,1.132212,,
0.424560547,1.246893,,
0.424804688,1.332382,,
0.425048828,1.386893,,
0.425292969,1.408936,,
0.425537109,1.396723,,
0.42578125,1.353234,,
0.426025391,1.277276,,
0.426269531,1.171829,,
0.426513672,1.03868,,
0.426757813,0.8811061,,
0.427001953,0.7026806,,
0.427246094,0.5084679,,
0.427490234,0.3020425,,
0.427734375,8.82E-02,,
0.427978516,-0.1268936,,
0.428222656,-0.3395743,,
0.428466797,-0.5442126,,
0.428710938,-0.7360423,,
0.428955078,-0.9102976,,
0.429199219,-1.063106,,
0.429443359,-1.190893,,
0.4296875,-1.290383,,
0.429931641,-1.360085,,
0.430175781,-1.397617,,
0.430419922,-1.402085,,
0.430664063,-1.373787,,
0.430908203,-1.313021,,
0.431152344,-1.221574,,
0.431396484,-1.101532,,
0.431640625,-0.9549784,,
0.431884766,-0.7860848,,
0.432128906,-0.5990211,,
0.432373047,-0.3976594,,
0.432617188,-0.1867659,,
0.432861328,2.86E-02,,
0.433105469,0.2430637,,
0.433349609,0.45217,,
0.43359375,0.6502551,,
0.433837891,0.8334465,,
0.434082031,0.9972762,,
0.434326172,1.137276,,
0.434570313,1.250766,,
0.434814453,1.335063,,
0.435058594,1.387787,,
0.435302734,1.408936,,
0.435546875,1.396127,,
0.435791016,1.350851,,
0.436035156,1.273702,,
0.436279297,1.167063,,
0.436523438,1.032723,,
0.436767578,0.8745529,,
0.437011719,0.6955317,,
0.437255859,0.4998296,,
0.4375,0.2931063,,
0.437744141,7.95E-02,,
0.437988281,-0.1355319,,
0.438232422,-0.3479148,,
0.438476563,-0.5519572,,
0.438720703,-0.7434891,,
0.438964844,-0.9171486,,
0.439208984,-1.068766,,
0.439453125,-1.195659,,
0.439697266,-1.293957,,
0.439941406,-1.362468,,
0.440185547,-1.398808,,
0.440429688,-1.401787,,
0.440673828,-1.371702,,
0.440917969,-1.31034,,
0.441162109,-1.217702,,
0.44140625,-1.095872,,
0.441650391,-0.9484252,,
0.441894531,-0.7789359,,
0.442138672,-0.5906807,,
0.442382813,-0.3890211,,
0.442626953,-0.1781276,,
0.442871094,3.69E-02,,
0.443115234,0.2514042,,
0.443359375,0.4599147,,
0.443603516,0.6579998,,
0.443847656,0.8405954,,
0.444091797,1.003234,,
0.444335938,1.14234,,
0.444580078,1.254936,,
0.444824219,1.338042,,
0.445068359,1.389872,,
0.4453125,1.408936,,
0.445556641,1.395234,,
0.445800781,1.348468,,
0.446044922,1.269531,,
0.446289063,1.162,,
0.446533203,1.026766,,
0.446777344,0.8677018,,
0.447021484,0.6880848,,
0.447265625,0.4920849,,
0.447509766,0.2850637,,
0.447753906,7.09E-02,,
0.447998047,-0.1447659,,
0.448242188,-0.3562552,,
0.448486328,-0.5599998,,
0.448730469,-0.750638,,
0.448974609,-0.9231061,,
0.44921875,-1.074127,,
0.449462891,-1.199829,,
0.449707031,-1.297531,,
0.449951172,-1.364255,,
0.450195313,-1.399404,,
0.450439453,-1.401191,,
0.450683594,-1.370212,,
0.450927734,-1.306765,,
0.451171875,-1.213234,,
0.451416016,-1.09051,,
0.451660156,-0.9421698,,
0.451904297,-0.7720848,,
0.452148438,-0.5835317,,
0.452392578,-0.3809786,,
0.452636719,-0.1694893,,
0.452880859,4.59E-02,,
0.453125,0.2594467,,
0.453369141,0.4676594,,
0.453613281,0.6654466,,
0.453857422,0.8474465,,
0.454101563,1.009191,,
0.454345703,1.147404,,
0.454589844,1.258808,,
0.454833984,1.340723,,
0.455078125,1.390765,,
0.455322266,1.408638,,
0.455566406,1.393446,,
0.455810547,1.345489,,
0.456054688,1.265957,,
0.456298828,1.156936,,
0.456542969,1.020808,,
0.456787109,0.8608508,,
0.45703125,0.6803402,,
0.457275391,0.4837445,,
0.457519531,0.2761275,,
0.457763672,6.23E-02,,
0.458007813,-0.1528085,,
0.458251953,-0.3645956,,
0.458496094,-0.5683402,,
0.458740234,-0.7574891,,
0.458984375,-0.9293613,,
0.459228516,-1.079489,,
0.459472656,-1.204595,,
0.459716797,-1.301106,,
0.459960938,-1.366042,,
0.460205078,-1.399999,,
0.460449219,-1.401191,,
0.460693359,-1.368723,,
0.4609375,-1.303787,,
0.461181641,-1.208766,,
0.461425781,-1.085149,,
0.461669922,-0.9359146,,
0.461914063,-0.764638,,
0.462158203,-0.5751913,,
0.462402344,-0.3726382,,
0.462646484,-0.160851,,
0.462890625,5.42E-02,,
0.463134766,0.2683829,,
0.463378906,0.4765956,,
0.463623047,0.6728933,,
0.463867188,0.8539997,,
0.464111328,1.015446,,
0.464355469,1.15217,,
0.464599609,1.262085,,
0.46484375,1.343404,,
0.465087891,1.392255,,
0.465332031,1.408638,,
0.465576172,1.392255,,
0.465820313,1.343106,,
0.466064453,1.262383,,
0.466308594,1.15217,,
0.466552734,1.014553,,
0.466796875,0.8539997,,
0.467041016,0.6725955,,
0.467285156,0.4754041,,
0.467529297,0.2677871,,
0.467773438,5.36E-02,,
0.468017578,-0.1620425,,
0.468261719,-0.3732339,,
0.468505859,-0.5754892,,
0.46875,-0.7649359,,
0.468994141,-0.9362124,,
0.469238281,-1.085149,,
0.469482422,-1.208766,,
0.469726563,-1.304085,,
0.469970703,-1.368425,,
0.470214844,-1.400595,,
0.470458984,-1.399999,,
0.470703125,-1.366638,,
0.470947266,-1.30051,,
0.471191406,-1.203702,,
0.471435547,-1.079787,,
0.471679688,-0.9293613,,
0.471923828,-0.757787,,
0.472167969,-0.5674466,,
0.472412109,-0.3642977,,
0.47265625,-0.1528085,,
0.472900391,6.29E-02,,
0.473144531,0.2767233,,
0.473388672,0.4843403,,
0.473632813,0.6812338,,
0.473876953,0.8608508,,
0.474121094,1.020808,,
0.474365234,1.157531,,
0.474609375,1.266255,,
0.474853516,1.345787,,
0.475097656,1.393744,,
0.475341797,1.409234,,
0.475585938,1.391063,,
0.475830078,1.340425,,
0.476074219,1.258212,,
0.476318359,1.147106,,
0.4765625,1.008893,,
0.476806641,0.8468508,,
0.477050781,0.6651487,,
0.477294922,0.4682552,,
0.477539063,0.2594467,,
0.477783203,4.50E-02,,
0.478027344,-0.1703829,,
0.478271484,-0.3812765,,
0.478515625,-0.5838296,,
0.478759766,-0.7720848,,
0.479003906,-0.9424677,,
0.479248047,-1.091106,,
0.479492188,-1.213829,,
0.479736328,-1.307361,,
0.479980469,-1.369914,,
0.480224609,-1.401787,,
0.48046875,-1.399106,,
0.480712891,-1.364255,,
0.480957031,-1.297234,,
0.481201172,-1.199829,,
0.481445313,-1.074127,,
0.481689453,-0.9231061,,
0.481933594,-0.7500423,,
0.482177734,-0.5597019,,
0.482421875,-0.3565531,,
0.482666016,-0.1441702,,
0.482910156,7.12E-02,,
0.483154297,0.2856595,,
0.483398438,0.4929785,,
0.483642578,0.6880848,,
0.483886719,0.8677018,,
0.484130859,1.027063,,
0.484375,1.162,,
0.484619141,1.269829,,
0.484863281,1.34817,,
0.485107422,1.395234,,
0.485351563,1.408936,,
0.485595703,1.389574,,
0.485839844,1.337446,,
0.486083984,1.25434,,
0.486328125,1.141744,,
0.486572266,1.002638,,
0.486816406,0.8402976,,
0.487060547,0.657404,,
0.487304688,0.4599147,,
0.487548828,0.2514042,,
0.487792969,3.66E-02,,
0.488037109,-0.1787233,,
0.48828125,-0.3896169,,
0.488525391,-0.5918722,,
0.488769531,-0.7795317,,
0.489013672,-0.9490209,,
0.489257813,-1.09617,,
0.489501953,-1.217404,,
0.489746094,-1.31034,,
0.489990234,-1.372595,,
0.490234375,-1.401787,,
0.490478516,-1.398212,,
0.490722656,-1.36217,,
0.490966797,-1.293957,,
0.491210938,-1.195063,,
0.491455078,-1.06817,,
0.491699219,-0.916255,,
0.491943359,-0.7428933,,
0.4921875,-0.5519572,,
0.492431641,-0.347319,,
0.492675781,-0.135234,,
0.492919922,8.04E-02,,
0.493164063,0.2939999,,
0.493408203,0.5007232,,
0.493652344,0.6958295,,
0.493896484,0.8748507,,
0.494140625,1.033319,,
0.494384766,1.167063,,
0.494628906,1.273702,,
0.494873047,1.350851,,
0.495117188,1.396127,,
0.495361328,1.40834,,
0.495605469,1.387787,,
0.495849609,1.334765,,
0.49609375,1.250468,,
0.496337891,1.136978,,
0.496582031,0.9972762,,
0.496826172,0.8331487,,
0.497070313,0.6499572,,
0.497314453,0.4512764,,
0.497558594,0.242468,,
0.497802734,2.77E-02,,
0.498046875,-0.1870638,,
0.498291016,-0.3976594,,
0.498535156,-0.5993189,,
0.498779297,-0.7863827,,
0.499023438,-0.9549784,,
0.499267578,-1.101532,,
0.499511719,-1.22217,,
0.499755859,-1.313617,,
