0,0.1629361,,
2.44E-04,-0.4998296,,
4.88E-04,-3.28E-03,,
7.32E-04,0.2466382,,
9.77E-04,-1.68417,,
1.22E-03,-0.1495319,,
1.46E-03,1.203404,,
1.71E-03,-0.5778722,,
1.95E-03,-0.3547658,,
2.20E-03,-1.380936,,
2.44E-03,-1.444382,,
2.69E-03,5.69E-02,,
2.93E-03,-0.5319998,,
3.17E-03,0.3973615,,
3.42E-03,1.364553,,
3.66E-03,0.7449784,,
3.91E-03,0.4036169,,
4.15E-03,-1.065191,,
4.39E-03,-1.124468,,
4.64E-03,-8.70E-02,,
4.88E-03,0.4968509,,
5.13E-03,0.4268509,,
5.37E-03,4.50E-02,,
5.62E-03,-0.3163403,,
5.86E-03,-0.5457019,,
6.10E-03,2.068425,,
6.35E-03,1.339531,,
6.59E-03,-0.5900849,,
6.84E-03,0.6955317,,
7.08E-03,0.3809786,,
7.32E-03,-0.464085,,
7.57E-03,-0.8611487,,
7.81E-03,0.5993189,,
8.06E-03,-0.3812765,,
8.30E-03,-0.9347231,,
8.54E-03,1.210851,,
8.79E-03,0.1227234,,
9.03E-03,-0.9400848,,
9.28E-03,0.1155744,,
9.52E-03,0.414936,,
9.77E-03,-0.4384679,,
1.00E-02,-0.3407658,,
1.03E-02,0.4578296,,
1.05E-02,1.131319,,
1.07E-02,-0.4307232,,
1.10E-02,-1.504255,,
1.12E-02,0.5322977,,
1.15E-02,0.776255,,
1.17E-02,-0.3476169,,
1.20E-02,-0.1358297,,
1.22E-02,0.890638,,
1.25E-02,0.354468,,
1.27E-02,-8.67E-02,,
1.29E-02,0.8474465,,
1.32E-02,1.661829,,
1.34E-02,0.6803402,,
1.37E-02,-0.9844677,,
1.39E-02,-3.72E-02,,
1.42E-02,0.6862976,,
1.44E-02,-0.5582126,,
1.46E-02,-0.7607657,,
1.49E-02,-0.1572765,,
1.51E-02,-0.4322126,,
1.54E-02,-0.1036595,,
1.56E-02,0.14,,
1.59E-02,0.484936,,
1.61E-02,0.9549784,,
1.64E-02,-0.3669786,,
1.66E-02,-0.6502551,,
1.68E-02,0.7574891,,
1.71E-02,0.1986808,,
1.73E-02,-0.6910636,,
1.76E-02,-0.3002552,,
1.78E-02,-0.6216593,,
1.81E-02,0.5188934,,
1.83E-02,1.031829,,
1.86E-02,-0.4497871,,
1.88E-02,-0.9505103,,
1.90E-02,-0.7008933,,
1.93E-02,0.1251063,,
1.95E-02,-0.1367234,,
1.98E-02,-0.5906807,,
2.00E-02,-0.1697872,,
2.03E-02,-0.879021,,
2.05E-02,-0.1331489,,
2.08E-02,0.63417,,
2.10E-02,0.3982552,,
2.12E-02,-1.039872,,
2.15E-02,-0.9287656,,
2.17E-02,1.649021,,
2.20E-02,0.7271061,,
2.22E-02,-0.4703403,,
2.25E-02,-1.196553,,
2.27E-02,-1.70E-02,,
2.29E-02,0.8691912,,
2.32E-02,-1.240936,,
2.34E-02,-3.93E-02,,
2.37E-02,-0.6719998,,
2.39E-02,-1.575446,,
2.42E-02,0.5352764,,
2.44E-02,-0.3321275,,
2.47E-02,-0.8599572,,
2.49E-02,0.3675743,,
2.51E-02,-0.7363402,,
2.54E-02,-0.3023403,,
2.56E-02,0.6967232,,
2.59E-02,-0.972255,,
2.61E-02,-0.242468,,
2.64E-02,0.5680423,,
2.66E-02,0.5433189,, 
2.69E-02,0.6005104,,
2.71E-02,-0.4045105,,
2.73E-02,0.5331913,,
2.76E-02,0.7125104,,
2.78E-02,-1.164383,,
2.81E-02,-1.166766,,
2.83E-02,0.3928935,,
2.86E-02,1.64E-02,,
2.88E-02,-1.27251,,
2.91E-02,-1.192383,,
2.93E-02,-5.06E-02,,
2.95E-02,1.355021,,
2.98E-02,1.431276,,
3.00E-02,1.514978,,
3.03E-02,-0.2496169,,
3.05E-02,-1.245404,,
3.08E-02,0.8620422,,
3.10E-02,0.2654042,,
3.13E-02,-0.6657444,,
3.15E-02,0.7357444,,
3.17E-02,1.078893,,
3.20E-02,0.8251061,,
3.22E-02,0.5224679,,
3.25E-02,-0.8992763,,
3.27E-02,-1.873914,,
3.30E-02,-0.5314041,,
3.32E-02,1.742255,,
3.34E-02,1.665999,,
3.37E-02,0.8545954,,
3.39E-02,9.53E-03,,
3.42E-02,-0.7756593,,
3.44E-02,0.5915743,,
3.47E-02,1.251659,,
3.49E-02,0.4497871,,
3.52E-02,0.5933615,,
3.54E-02,-0.5215743,,
3.56E-02,-2.165233,,
3.59E-02,-0.8233188,,
3.61E-02,-0.7565955,,
3.64E-02,0.7422976,,
3.66E-02,2.449701,,
3.69E-02,-1.527787,,
3.71E-02,-0.6049785,,
3.74E-02,1.234978,,
3.76E-02,0.2737446,,
3.78E-02,1.338042,,
3.81E-02,-0.5656593,,
3.83E-02,-1.084255,,
3.86E-02,1.674638,,
3.88E-02,0.5900849,,
3.91E-02,-1.387787,,
3.93E-02,0.4542552,,
3.96E-02,0.5981274,,
3.98E-02,2.35E-02,,
4.00E-02,4.89E-02,,
4.03E-02,-1.531957,,
4.05E-02,-1.246,,
4.08E-02,-0.170085,,
4.10E-02,1.173617,,
4.13E-02,1.931404,,
4.15E-02,-5.72E-02,,
4.17E-02,0.5662551,,
4.20E-02,1.113744,,
4.22E-02,-2.288552,,
4.25E-02,-0.6171913,,
4.27E-02,1.220085,,
4.30E-02,-1.288893,,
4.32E-02,0.6660423,,
4.35E-02,1.120297,,
4.37E-02,-1.156042,,
4.39E-02,-0.5016168,,
4.42E-02,1.024085,,
4.44E-02,0.3231914,,
4.47E-02,-1.316,,
4.49E-02,5.21E-02,,
4.52E-02,-8.31E-02,,
4.54E-02,-6.55E-03,,
4.57E-02,0.1143829,,
4.59E-02,-0.5778722,,
4.61E-02,0.1662127,,
4.64E-02,-0.8143827,,
4.66E-02,-0.172468,,
4.69E-02,-5.42E-02,,
4.71E-02,-0.9317443,,
4.74E-02,-0.6389359,,
4.76E-02,-1.386297,,
4.79E-02,-1.386297,,
4.81E-02,-0.1248085,,
4.83E-02,0.2353191,,
4.86E-02,-4.59E-02,,
4.88E-02,-0.8450635,,
4.91E-02,-1.117021,,
4.93E-02,-1.019915,,
4.96E-02,-0.7831061,,
4.98E-02,-0.4658722,,
5.00E-02,-1.159021,,
5.03E-02,1.172425,,
5.05E-02,0.4986381,,
5.08E-02,-2.025829,,
5.10E-02,-0.4101701,,
5.13E-02,0.7417018,,
5.15E-02,0.9472337,,
5.18E-02,0.3735318,,
5.20E-02,-0.247234,,
5.22E-02,0.400936,,
5.25E-02,-0.4768935,,
5.27E-02,-1.370808,,
5.30E-02,0.2508084,,
5.32E-02,0.4673615,,
5.35E-02,0.2594467,,
5.37E-02,-1.58E-02,,
5.40E-02,-0.6836168,,
5.42E-02,0.1462553,,
5.44E-02,-0.3928935,,
5.47E-02,-0.4855317,,
5.49E-02,0.382468,,
5.52E-02,0.3017446,,
5.54E-02,6.40E-02,,
5.57E-02,0.6142126,,
5.59E-02,1.523319,,
5.62E-02,7.74E-03,,
5.64E-02,-0.7908508,,
5.66E-02,5.96E-03,,
5.69E-02,-8.97E-02,,
5.71E-02,0.3261701,,
5.74E-02,-0.4334041,,
5.76E-02,-1.326723,,
5.79E-02,0.9040422,,
5.81E-02,0.7735742,,
5.83E-02,-0.2463403,,
5.86E-02,0.1340425,,
5.88E-02,9.38E-02,,
5.91E-02,1.194468,,
5.93E-02,0.219234,,
5.96E-02,-0.3622126,,
5.98E-02,1.55E-02,,
6.01E-02,-7.21E-02,,
6.03E-02,-0.3571488,,
6.05E-02,-1.982042,,
6.08E-02,0.601404,,
6.10E-02,1.390765,,
6.13E-02,-1.279957,,
6.15E-02,0.491787,,
6.18E-02,1.332382,,
6.20E-02,-0.6118296,,
6.23E-02,-0.8125954,,
6.25E-02,0.4905956,,
6.27E-02,-1.012468,,
6.30E-02,-1.827744,,
6.32E-02,0.5674466,,
6.35E-02,1.220383,,
6.37E-02,0.2001701,,
6.40E-02,-1.319276,,
6.42E-02,-1.069063,,
6.45E-02,0.7941273,,
6.47E-02,7.15E-02,,
6.49E-02,-0.729787,,
6.52E-02,0.5832338,,
6.54E-02,1.163489,,
6.57E-02,5.30E-02,,
6.59E-02,-0.9957869,,
6.62E-02,0.5662551,,
6.64E-02,-0.5171062,,
6.67E-02,-0.930255,,
6.69E-02,0.9591486,,
6.71E-02,-0.1834893,,
6.74E-02,0.4450211,,
6.76E-02,-0.6374466,,
6.79E-02,-1.047617,,
6.81E-02,0.8864678,,
6.84E-02,-0.9907231,,
6.86E-02,-0.3187233,,
6.88E-02,0.4581275,,
6.91E-02,-1.016638,,
6.93E-02,0.6168934,,
6.96E-02,1.043446,,
6.98E-02,-0.5894892,,
7.01E-02,-0.8995742,,
7.03E-02,-0.9621273,,
7.06E-02,-0.3163403,,
7.08E-02,-0.4843403,,
7.10E-02,-0.8021699,,
7.13E-02,-0.9615316,,
7.15E-02,-0.643404,,
7.18E-02,0.4426381,,
7.20E-02,-1.792893,,
7.23E-02,-1.761914,,
7.25E-02,0.4643828,,
7.28E-02,0.3896169,,
7.30E-02,0.7369359,,
7.32E-02,-0.7920423,,
7.35E-02,-1.495021,,
7.37E-02,-0.1668085,,
7.40E-02,-0.2734467,,
7.42E-02,0.9517018,,
7.45E-02,3.66E-02,,
7.47E-02,-0.6833189,,
7.50E-02,0.6663402,,
7.52E-02,0.4339998,,
7.54E-02,1.237063,,
7.57E-02,0.118851,,
7.59E-02,-0.7875742,,
7.62E-02,1.025574,,
7.64E-02,0.8435742,,
7.67E-02,-0.63417,,
7.69E-02,0.2266808,,
7.71E-02,1.016638,,
7.74E-02,-0.4277445,,
7.76E-02,-0.2585531,,
7.79E-02,0.473319,,
7.81E-02,-0.277319,,
7.84E-02,-0.4506807,,
7.86E-02,0.2499148,,
7.89E-02,-1.010978,,
7.91E-02,-1.648425,,
7.93E-02,0.2049361,,
7.96E-02,0.4977445,,
7.98E-02,-0.3109786,,
8.01E-02,-0.7172763,,
8.03E-02,-0.4194041,,
8.06E-02,1.607319,,
8.08E-02,1.049702,,
8.11E-02,-1.275489,,
8.13E-02,0.1036595,,
8.15E-02,0.2105957,,
8.18E-02,-2.172084,,
8.20E-02,-5.66E-02,,
8.23E-02,1.202808,,
8.25E-02,-1.13817,,
8.28E-02,0.2886382,,
8.30E-02,0.739021,,
8.33E-02,-1.339234,,
8.35E-02,-0.5254466,,
8.37E-02,0.9183401,,
8.40E-02,7.74E-02,,
8.42E-02,-1.143234,,
8.45E-02,-0.3851488,,
8.47E-02,-0.4691488,,
8.50E-02,-0.2499148,,
8.52E-02,0.9055316,,
8.54E-02,8.10E-02,,
8.57E-02,-0.7697018,,
8.59E-02,0.7011912,,
8.62E-02,1.383021,,
8.64E-02,-8.70E-02,,
8.67E-02,0.7595742,,
8.69E-02,0.1036595,,
8.72E-02,-0.1474468,,
8.74E-02,1.195361,,
8.76E-02,-0.3934892,,
8.79E-02,0.7842976,,
8.81E-02,1.988297,,
8.84E-02,-3.78E-02,,
8.86E-02,0.9165528,,
8.89E-02,1.327021,,
8.91E-02,0.4188084,,
8.94E-02,0.3446382,,
8.96E-02,-0.3866382,,
8.98E-02,-0.6809359,,
9.01E-02,-0.205234,,
9.03E-02,0.8870635,,
9.06E-02,0.7303827,,
9.08E-02,-0.5692338,,
9.11E-02,-1.487276,,
9.13E-02,-0.8977869,,
9.16E-02,-0.2957871,,
9.18E-02,-1.113446,,
9.20E-02,-0.1215319,,
9.23E-02,-0.5311062,,
9.25E-02,-0.3359999,,
9.28E-02,2.198297,,
9.30E-02,0.3222978,,
9.33E-02,-1.456595,,
9.35E-02,-0.3803828,,
9.38E-02,-0.7229359,,
9.40E-02,-1.106297,,
9.42E-02,0.370553,,
9.45E-02,1.099446,,
9.47E-02,-0.1453616,,
9.50E-02,-1.475957,,
9.52E-02,-0.2779148,,
9.55E-02,1.071149,,
9.57E-02,0.3919999,,
9.59E-02,0.6836168,,
9.62E-02,0.7589784,,
9.64E-02,0.6913614,,
9.67E-02,0.4339998,,
9.69E-02,-0.56417,,
9.72E-02,-1.095276,,
9.74E-02,-0.4843403,,
9.77E-02,1.157234,,
9.79E-02,0.8265954,,
9.81E-02,-1.669872,,
9.84E-02,-0.8316593,,
9.86E-02,1.190595,,
9.89E-02,-7.15E-03,,
9.91E-02,-1.243021,,
9.94E-02,-0.9332337,,
9.96E-02,-2.68E-02,,
9.99E-02,1.307957,,
0.100097656,0.7330636,,
0.100341797,-0.1307659,,
0.100585938,-0.1760425,,
0.100830078,0.3032339,,
0.101074219,-0.5418296,,
0.101318359,-0.489702,,
0.1015625,1.806297,,
0.101806641,-0.7419997,,
0.102050781,-8.94E-04,,
0.102294922,2.323106,,
0.102539063,-1.691914,,
0.102783203,-0.3205105,,
0.103027344,2.89919,,
0.103271484,1.361574,,
0.103515625,0.7702976,,
0.103759766,0.5993189,,
0.104003906,0.4599147,,
0.104248047,1.516468,,
0.104492188,1.211744,,
0.104736328,-0.6055743,,
0.104980469,0.3345105,,
0.105224609,0.9028507,,
0.10546875,-1.435148,,
0.105712891,-1.049404,,
0.105957031,-5.12E-02,,
0.106201172,0.1668085,,
0.106445313,0.5230637,,
0.106689453,-1.153361,,
0.106933594,-1.261787,,
0.107177734,-0.2430637,,
0.107421875,-5.24E-02,,
0.107666016,1.003829,,
0.107910156,0.1891489,,
0.108154297,-1.31868,,
0.108398438,1.370212,,
0.108642578,2.844084,,
0.108886719,0.6773614,,
0.109130859,0.5150211,,
0.109375,-0.7795317,,
0.109619141,-1.41251,,
0.109863281,1.10868,,
0.110107422,0.2025531,,
0.110351563,-0.8802124,,
0.110595703,1.212638,,
0.110839844,-0.2561701,,
0.111083984,-1.030042,,
0.111328125,1.771744,,
0.111572266,1.257617,,
0.111816406,1.648127,,
0.112060547,0.9228082,,
0.112304688,-1.084255,,
0.112548828,-0.5037019,,
0.112792969,-0.7151912,,
0.113037109,-0.9025528,,
0.11328125,-0.6678296,,
0.113525391,-1.128638,,
0.113769531,-1.676127,,
0.114013672,-1.091106,,
0.114257813,-0.2972765,,
0.114501953,-0.2502127,,
0.114746094,-0.450085,,
0.114990234,0.2585531,,
0.115234375,1.831021,,
0.115478516,-0.6603827,,
0.115722656,-1.618936,,
0.115966797,0.5745955,,
0.116210938,8.10E-02,,
0.116455078,0.2091063,,
0.116699219,1.116723,,
0.116943359,0.9123827,,
0.1171875,0.9925103,,
0.117431641,7.15E-03,,
0.117675781,-1.789021,,
0.117919922,-0.1754467,,
0.118164063,0.7321699,,
0.118408203,-0.8912337,,
0.118652344,-1.029149,,
0.118896484,0.5644679,,
0.119140625,0.6919572,,
0.119384766,-1.933787,,
0.119628906,-1.391957,,
0.119873047,1.367829,,
0.120117188,0.3365956,,
0.120361328,3.25E-02,,
0.120605469,0.1751489,,
0.120849609,0.1554893,,
0.12109375,1.041957,,
0.121337891,0.384553,,
0.121582031,-4.17E-03,,
0.121826172,-0.1262978,,
0.122070313,0.8355316,,
0.122314453,0.403319,,
0.122558594,-2.193829,,
0.122802734,-1.497702,,
0.123046875,-0.349702,,
0.123291016,-0.9338294,,
0.123535156,0.1185531,,
0.123779297,1.13668,,
0.124023438,0.725021,,
0.124267578,4.53E-02,,
0.124511719,-0.2129786,,
0.124755859,-0.4736168,,
0.125,-1.546553,,
0.125244141,-0.5877019,,
0.125488281,1.000255,,
0.125732422,-0.1122978,,
0.125976563,-1.305872,,
0.126220703,-0.2624254,,
0.126464844,0.4625956,,
0.126708984,0.6195742,,
0.126953125,1.262978,,
0.127197266,0.6848083,,
0.127441406,-1.033319,,
0.127685547,-1.166468,,
0.127929688,-0.370553,,
0.128173828,1.565319,,
0.128417969,1.367531,,
0.128662109,-1.547148,,
0.12890625,0.2275744,,
0.129150391,1.606723,,
0.129394531,0.6332763,,
0.129638672,9.14E-02,,
0.129882813,-1.116425,,
0.130126953,-1.530468,,
0.130371094,7.06E-02,,
0.130615234,0.3890211,,
0.130859375,-1.097063,,
0.131103516,0.4012339,,
0.131347656,-0.4697445,,
0.131591797,-0.5662551,,
0.131835938,1.610297,,
0.132080078,-1.487872,,
0.132324219,-2.893531,,
0.132568359,-1.003234,,
0.1328125,0.326468,,
0.133056641,0.2430637,,
0.133300781,-0.9204252,,
0.133544922,-0.4074892,,
0.133789063,4.17E-02,,
0.134033203,-0.9013614,,
0.134277344,0.6681274,,
0.134521484,1.552212,,
0.134765625,-6.37E-02,,
0.135009766,0.3488084,,
0.135253906,0.3762126,,
0.135498047,-0.7378295,,
0.135742188,-1.202808,,
0.135986328,0.4235743,,
0.136230469,-0.1018723,,
0.136474609,-1.284127,,
0.13671875,1.84085,,
0.136962891,0.7691061,,
0.137207031,-0.2356169,,
0.137451172,1.513191,,
0.137695313,-0.366085,,
0.137939453,0.1778297,,
0.138183594,1.114936,,
0.138427734,-8.94E-04,,
0.138671875,0.470936,,
0.138916016,-0.2508084,,
0.139160156,-0.6764678,,
0.139404297,0.1334468,,
0.139648438,0.4322126,,
0.139892578,-0.4316169,,
0.140136719,-0.4286381,,
0.140380859,-5.96E-02,,
0.140625,-0.6657444,,
0.140869141,1.323744,,
0.141113281,1.541489,,
0.141357422,-0.8560848,,
0.141601563,0.3362978,,
0.141845703,1.270723,,
0.142089844,0.3103829,,
0.142333984,0.9859571,,
0.142578125,1.540595,,
0.142822266,0.165617,,
0.143066406,0.4637871,,
0.143310547,1.943616,,
0.143554688,-0.3246807,,
0.143798828,-1.615063,,
0.144042969,-0.4798722,,
0.144287109,-0.3160425,,
0.14453125,0.951106,,
0.144775391,0.7869784,,
0.145019531,-0.5888934,,
0.145263672,-0.4304254,,
0.145507813,0.8435742,,
0.145751953,2.422595,,
0.145996094,1.899531,,
0.146240234,1.031234,,
0.146484375,0.6946381,,
0.146728516,-0.2570637,,
0.146972656,-0.3583403,,
0.147216797,-0.4774892,,
0.147460938,-0.5412338,,
0.147705078,-0.412553,,
0.147949219,0.1974893,,
0.148193359,1.368723,,
0.1484375,-9.68E-02,,
0.148681641,-0.3863403,,
0.148925781,-5.00E-02,,
0.149169922,-2.068425,,
0.149414063,-0.1534042,,
0.149658203,0.5951487,,
0.149902344,-0.8468508,,
0.150146484,-1.109574,,
0.150390625,-1.783659,,
0.150634766,-0.2734467,,
0.150878906,0.436085,,
0.151123047,0.3863403,,
0.151367188,0.7622551,,
0.151611328,-0.687787,,
0.151855469,-0.7220423,,
0.152099609,0.3669786,,
0.15234375,-7.12E-02,,
0.152587891,0.4789785,,
0.152832031,-8.31E-02,,
0.153076172,-0.6097445,,
0.153320313,0.7792338,,
0.153564453,-0.3365956,,
0.153808594,-0.9049358,,
0.154052734,0.4283403,,
0.154296875,0.3062127,,
0.154541016,0.1274893,,
0.154785156,-0.7163827,,
0.155029297,-0.6246381,,
0.155273438,0.6210636,,
0.155517578,0.5224679,,
0.155761719,0.8703827,,
0.156005859,0.3485105,,
0.15625,0.3759148,,
0.156494141,1.119702,,
0.156738281,0.5078722,,
0.156982422,0.1903404,,
0.157226563,-0.3050212,,
0.157470703,-0.5454041,,
0.157714844,-0.3669786,,
0.157958984,5.45E-02,,
0.158203125,0.3389786,,
0.158447266,-0.6198721,,
0.158691406,0.8879572,,
0.158935547,1.13668,,
0.159179688,-0.9231061,,
0.159423828,-0.4986381,,
0.159667969,1.039276,,
0.159912109,1.487872,,
0.16015625,-1.209361,,
0.160400391,-1.504255,,
0.160644531,-3.28E-03,,
0.160888672,-1.52E-02,,
0.161132813,1.078893,,
0.161376953,0.6982125,,
0.161621094,0.270468,,
0.161865234,0.1897446,,
0.162109375,-0.7574891,,
0.162353516,0.6017019,,
0.162597656,-0.1968935,,
0.162841797,-1.226042,,
0.163085938,1.524808,,
0.163330078,0.5522551,,
0.163574219,-0.9076167,,
0.163818359,0.6618721,,
0.1640625,0.340468,,
0.164306641,0.764638,,
0.164550781,0.1712765,,
0.164794922,-1.188808,,
0.165039063,-0.1712765,,
0.165283203,-0.1000851,,
0.165527344,-0.1009787,,
0.165771484,2.86E-02,,
0.166015625,-0.4622977,,
0.166259766,-1.242723,,
0.166503906,0.2356169,,
0.166748047,1.458085,,
0.166992188,0.43817,,
0.167236328,-0.1331489,,
0.167480469,-0.296085,,
0.167724609,1.105106,,
0.16796875,0.1572765,,
0.168212891,-1.585276,,
0.168457031,-0.4000424,,
0.168701172,0.3368935,,
0.168945313,0.2847659,,
0.169189453,0.2177446,,
0.169433594,-0.5632764,,
0.169677734,-2.030893,,
0.169921875,-0.9957869,,
0.170166016,0.2445531,,
0.170410156,0.3690637,,
0.170654297,1.207872,,
0.170898438,-4.94E-02,,
0.171142578,0.4512764,,
0.171386719,1.237063,,
0.171630859,-0.9552763,,
0.171875,0.510553,,
0.172119141,0.3750211,,
0.172363281,-2.251914,,
0.172607422,-0.7988933,,
0.172851563,-0.6660423,,
0.173095703,-0.7315742,,
0.173339844,0.289234,,
0.173583984,-1.214127,,
0.173828125,-2.853616,,
0.174072266,-0.7637444,,
0.174316406,1.19834,,
0.174560547,0.1149787,,
0.174804688,-1.19268,,
0.175048828,-1.302595,,
0.175292969,1.581702,,
0.175537109,0.2945956,,
0.17578125,-2.020467,,
0.176025391,0.8304678,,
0.176269531,9.68E-02,,
0.176513672,-0.8000848,,
0.176757813,0.2931063,,
0.177001953,3.96E-02,,
0.177246094,1.410127,,
0.177490234,0.3279573,,
0.177734375,-0.2615318,,
0.177978516,1.345787,,
0.178222656,-7.63E-02,,
0.178466797,0.2076169,,
0.178710938,0.7417018,,
0.178955078,-1.126851,,
0.179199219,-0.8441699,,
0.179443359,0.9055316,,
0.1796875,0.9088082,,
0.179931641,-8.49E-02,,
0.180175781,-0.2648084,,
0.180419922,-0.7738721,,
0.180664063,-0.5734041,,
0.180908203,0.5942551,,
0.181152344,-1.175106,,
0.181396484,-1.555787,,
0.181640625,-0.5707232,,
0.181884766,-0.1191489,,
0.182128906,1.999318,,
0.182373047,0.4307232,,
0.182617188,-0.6407232,,
0.182861328,0.7339572,,
0.183105469,0.1778297,,
0.183349609,0.6442977,,
0.18359375,0.4441275,,
0.183837891,0.6568083,,
0.184082031,0.9317443,,
0.184326172,-0.442936,,
0.184570313,-0.1066383,,
0.184814453,-0.5236594,,
0.185058594,0.2040425,,
0.185302734,-8.28E-02,,
0.185546875,-0.6174892,,
0.185791016,1.141149,,
0.186035156,-1.000553,,
0.186279297,-1.274893,,
0.186523438,1.039872,,
0.186767578,-0.4768935,,
0.187011719,-0.8015742,,
0.187255859,0.727404,,
0.1875,-0.2496169,,
0.187744141,-3.16E-02,,
0.187988281,0.5171062,,
0.188232422,-2.05651,,
0.188476563,0.2755318,,
0.188720703,1.310638,,
0.188964844,-1.75685,,
0.189208984,0.7893614,,
0.189453125,1.46434,,
0.189697266,0.1763404,,
0.189941406,1.234085,,
0.190185547,0.4891062,,
0.190429688,0.4366807,,
0.190673828,0.2245957,,
0.190917969,-0.1391063,,
0.191162109,1.000553,,
0.19140625,0.6577019,,
0.191650391,7.83E-02,,
0.191894531,-0.2323403,,
0.192138672,-0.7098295,,
0.192382813,7.36E-02,,
0.192626953,-0.6297019,,
0.192871094,-1.241829,,
0.193115234,-0.8608508,,
0.193359375,-0.9067231,,
0.193603516,0.2022552,,
0.193847656,-0.354468,,
0.194091797,-0.312468,,
0.194335938,1.923957,,
0.194580078,1.497404,,
0.194824219,-4.23E-02,,
0.195068359,1.275787,,
0.1953125,1.271021,,
0.195556641,-0.4822551,,
0.195800781,-0.3702552,,
0.196044922,-0.3765105,,
0.196289063,0.4331062,,
0.196533203,0.8224252,,
0.196777344,0.1721701,,
0.197021484,1.028851,,
0.197265625,-0.7178721,,
0.197509766,-0.4235743,,
0.197753906,1.819106,,
0.197998047,-1.677616,,
0.198242188,-1.742255,,
0.198486328,0.6157019,,
0.198730469,-0.4119573,,
0.198974609,1.069659,,
0.19921875,1.654978,,
0.199462891,-0.1781276,,
0.199707031,-0.9719571,,
0.199951172,-0.7131062,,
0.200195313,1.143532,,
0.200439453,0.3312339,,
0.200683594,-1.401191,,
0.200927734,0.300851,,
0.201171875,0.7953188,,
0.201416016,0.1814042,,
0.201660156,1.195659,,
0.201904297,0.8242125,,
0.202148438,-0.3771062,,
0.202392578,-0.7807231,,
0.202636719,-0.3112765,,
0.202880859,0.1128936,,
0.203125,2.68E-02,,
0.203369141,-0.8152763,,
0.203613281,-1.419361,,
0.203857422,-0.132851,,
0.204101563,0.8837869,,
0.204345703,0.594553,,
0.204589844,1.008,,
0.204833984,0.3237871,,
0.205078125,-1.169744,,
0.205322266,0.4462126,,
0.205566406,1.779489,,
0.205810547,-0.5874041,,
0.206054688,-0.6335742,,
0.206298828,0.5025104,,
0.206542969,-0.5028083,,
0.206787109,0.9907231,,
0.20703125,9.00E-02,,
0.207275391,-0.6133189,,
0.207519531,0.8117018,,
0.207763672,-0.6666381,,
0.208007813,1.116425,,
0.208251953,1.939744,,
0.208496094,1.79E-03,,
0.208740234,0.1653191,,
0.208984375,-0.1617446,,
0.209228516,0.296085,,
0.209472656,2.44E-02,,
0.209716797,-0.6255317,,
0.209960938,0.2859573,,
0.210205078,-0.5197871,,
0.210449219,-0.622553,,
0.210693359,0.1709787,,
0.2109375,1.265957,,
0.211181641,1.117617,,
0.211425781,-0.6848083,,
0.211669922,-0.2528935,,
0.211914063,-0.8188508,,
0.212158203,-1.096468,,
0.212402344,1.842042,,
0.212646484,1.621616,,
0.212890625,0.2082127,,
0.213134766,1.571276,,
0.213378906,1.15634,,
0.213623047,0.3199148,,
0.213867188,-0.8313614,,
0.214111328,-2.720765,,
0.214355469,-1.046723,,
0.214599609,-0.2522978,,
0.21484375,-0.3386807,,
0.215087891,0.5215743,,
0.215332031,-0.2114893,,
0.215576172,1.563829,,
0.215820313,1.766084,,
0.216064453,-0.5951487,,
0.216308594,8.52E-02,,
0.216552734,0.3068084,,
0.216796875,2.68E-02,,
0.217041016,-0.2296595,,
0.217285156,-0.2186382,,
0.217529297,1.520936,,
0.217773438,0.3109786,,
0.218017578,4.71E-02,,
0.218261719,1.658255,,
0.218505859,-0.3318297,,
0.21875,4.53E-02,,
0.218994141,0.8831912,,
0.219238281,-0.5290211,,
0.219482422,0.7598721,,
0.219726563,-0.3601275,,
0.219970703,-0.5769785,,
0.220214844,1.344297,,
0.220458984,0.871872,,
0.220703125,0.7181699,,
0.220947266,-1.593319,,
0.221191406,-1.559063,,
0.221435547,0.2585531,,
0.221679688,1.103914,,
0.221923828,1.129532,,
0.222167969,-0.2570637,,
0.222412109,0.5570211,,
0.22265625,0.4402552,,
0.222900391,-6.34E-02,,
0.223144531,0.149234,,
0.223388672,-0.3324254,,
0.223632813,0.1569787,,
0.223876953,0.2254893,,
0.224121094,0.9082124,,
0.224365234,1.003829,,
0.224609375,0.428936,,
0.224853516,0.6746806,,
0.225097656,-1.025276,,
0.225341797,-1.105404,,
0.225585938,0.4819573,,
0.225830078,0.5984253,,
0.226074219,0.216851,,
0.226318359,-0.9841698,,
0.2265625,-1.000553,,
0.226806641,0.9594465,,
0.227050781,1.649319,,
0.227294922,0.3342126,,
0.227539063,1.004127,,
0.227783203,0.4962551,,
0.228027344,-2.83E-02,,
0.228271484,0.9794039,,
0.228515625,-0.9097018,,
0.228759766,-1.406851,,
0.229003906,-0.464085,,
0.229248047,0.2007659,,
0.229492188,-0.3678722,,
0.229736328,-1.014255,,
0.229980469,-0.4566381,,
0.230224609,-1.765191,,
0.23046875,-0.7116168,,
0.230712891,0.3514892,,
0.230957031,-0.4751062,,
0.231201172,-6.67E-02,,
0.231445313,-0.4012339,,
0.231689453,-0.363702,,
0.231933594,-0.4852339,,
0.232177734,-0.265702,,
0.232421875,-0.4679573,,
0.232666016,-1.127446,,
0.232910156,-1.092297,,
0.233154297,-0.5364679,,
0.233398438,0.3818722,,
0.233642578,-0.1453616,,
0.233886719,-0.1882553,,
0.234130859,0.3565531,,
0.234375,0.6207657,,
0.234619141,0.8563827,,
0.234863281,1.121191,,
0.235107422,0.7014891,,
0.235351563,0.4929785,,
0.235595703,0.5567232,,
0.235839844,-0.7699997,,
0.236083984,0.1590638,,
0.236328125,1.299319,,
0.236572266,0.342851,,
0.236816406,0.8432763,,
0.237060547,-8.91E-02,,
0.237304688,-0.5874041,,
0.237548828,0.6332763,,
0.237792969,9.20E-02,,
0.238037109,1.94E-02,,
0.23828125,-0.1617446,,
0.238525391,-0.2451489,,
0.238769531,-0.6845104,,
0.239013672,-0.6508508,,
0.239257813,1.135489,,
0.239501953,0.9445528,,
0.239746094,0.5191913,,
0.239990234,-0.2481276,,
0.240234375,-1.650212,,
0.240478516,0.2770212,,
0.240722656,1.384212,,
0.240966797,0.3088935,,
0.241210938,0.657404,,
0.241455078,0.6684253,,
0.241699219,0.3020425,,
0.241943359,-0.46617,,
0.2421875,-1.79E-03,,
0.242431641,0.4861275,,
0.242675781,-2.569446,,
0.242919922,-1.857233,,
0.243164063,0.6538296,,
0.243408203,0.4822551,,
0.243652344,-0.1036595,,
0.243896484,-5.99E-02,,
0.244140625,1.023489,,
0.244384766,-9.74E-02,,
0.244628906,-0.4128509,,
0.244873047,0.4232765,,
0.245117188,-1.01217,,
0.245361328,-0.7881699,,
0.245605469,0.2719573,,
0.245849609,0.6600848,,
0.24609375,1.182553,,
0.246337891,0.293702,,
0.246582031,-0.4619998,,
0.246826172,5.99E-02,,
0.247070313,0.3887233,,
0.247314453,8.88E-02,,
0.247558594,-0.7285955,,
0.247802734,0.275234,,
0.248046875,0.5266381,,
0.248291016,-0.5543402,,
0.248535156,0.3079999,,
0.248779297,-0.9737443,,
0.249023438,-1.90668,,
0.249267578,0.2242978,,
0.249511719,-0.3020425,,
0.249755859,-0.5585104,,
0.25,-1.023191,,
0.250244141,-1.873021,,
0.250488281,-0.1688936,,
0.250732422,0.7452763,,
0.250976563,1.740765,,
0.251220703,0.6282125,,
0.251464844,-0.2740425,,
0.251708984,0.2615318,,
0.251953125,-0.1915319,,
0.252197266,-1.020212,,
0.252441406,-0.5343828,,
0.252685547,0.394085,,
0.252929688,-1.026766,,
0.253173828,0.4992339,,
0.253417969,1.333276,,
0.253662109,-0.370553,,
0.25390625,-5.60E-02,,
0.254150391,0.1965957,,
0.254394531,0.468553,,
0.254638672,0.1137872,,
0.254882813,7.77E-02,,
0.255126953,-0.4348935,,
0.255371094,-1.138766,,
0.255615234,0.7378295,,
0.255859375,1.019319,,
0.256103516,8.16E-02,,
0.256347656,1.23468,,
0.256591797,1.39851,,
0.256835938,0.293702,,
0.257080078,-4.29E-02,,
0.257324219,-0.6755742,,
0.257568359,-1.227829,,
0.2578125,-0.5647658,,
0.258056641,5.48E-02,,
0.258300781,0.9975741,,
0.258544922,1.120893,,
0.258789063,0.254085,,
0.259033203,0.3088935,,
0.259277344,-0.1018723,,
0.259521484,-1.965957,,
0.259765625,-1.081276,,
0.260009766,0.3505956,,
0.260253906,-0.7640423,,
0.260498047,1.221276,,
0.260742188,1.402382,,
0.260986328,0.7997869,,
0.261230469,1.327617,,
0.261474609,-1.015744,,
0.26171875,-0.7702976,,
0.261962891,1.101532,,
0.262207031,0.9263827,,
0.262451172,0.2603403,,
0.262695313,-0.6252338,,
0.262939453,-0.9347231,,
0.263183594,0.121234,,
0.263427734,7.74E-02,,
0.263671875,1.06251,,
0.263916016,2.116978,,
0.264160156,0.1245106,,
0.264404297,-0.9588507,,
0.264648438,-0.177234,,
0.264892578,0.6964253,,
0.265136719,-1.365148,,
0.265380859,-1.826553,,
0.265625,0.9365103,,
0.265869141,0.1828935,,
0.266113281,-0.3440424,,
0.266357422,0.4205956,,
0.266601563,-0.8834891,,
0.266845703,-0.3595318,,
0.267089844,0.8525103,,
0.267333984,1.046723,,
0.267578125,1.932595,,
0.267822266,0.6889785,,
0.268066406,0.2382978,,
0.268310547,1.27251,,
0.268554688,-0.2317446,,
0.268798828,-0.6857019,,
0.269042969,0.2466382,,
0.269287109,-0.2123829,,
0.26953125,-7.09E-02,,
0.269775391,0.470936,,
0.270019531,-0.104851,,
0.270263672,0.3479148,,
0.270507813,-0.1117021,,
0.270751953,2.44E-02,,
0.270996094,0.3571488,,
0.271240234,-1.511106,,
0.271484375,5.12E-02,,
0.271728516,-4.41E-02,,
0.271972656,-1.80451,,
0.272216797,-0.2874467,,
0.272460938,-0.3163403,,
0.272705078,-0.3785956,,
0.272949219,-4.77E-03,,
0.273193359,0.4244679,,
0.2734375,0.1548936,,
0.273681641,-1.350851,,
0.273925781,-1.070553,,
0.274169922,-1.099149,,
0.274414063,-0.6490636,,
0.274658203,4.83E-02,,
0.274902344,-0.5823402,,
0.275146484,-0.4798722,,
0.275390625,-3.57E-02,,
0.275634766,-0.4885105,,
0.275878906,-0.8962976,,
0.276123047,0.1209361,,
0.276367188,1.200723,,
0.276611328,0.3491063,,
0.276855469,0.5016168,,
0.277099609,1.696084,,
0.27734375,0.9025528,,
0.277587891,3.54E-02,,
0.277832031,-1.303787,,
0.278076172,-0.7399147,,
0.278320313,0.7527232,,
0.278564453,-1.475361,,
0.278808594,-0.8131912,,
0.279052734,3.04E-02,,
0.279296875,-1.425021,,
0.279541016,-1.88E-02,,
0.279785156,5.06E-03,,
0.280029297,-0.7387232,,
0.280273438,0.8659146,,
0.280517578,0.6002126,,
0.280761719,-0.4947658,,
0.281005859,0.3812765,,
0.28125,-7.45E-02,,
0.281494141,-1.070553,,
0.281738281,0.8411912,,
0.281982422,0.7854891,,
0.282226563,-1.24451,,
0.282470703,-0.1435744,,
0.282714844,0.4822551,,
0.282958984,0.3669786,,
0.283203125,-0.1102127,,
0.283447266,-6.34E-02,,
0.283691406,0.8534039,,
0.283935547,0.8087231,,
0.284179688,0.4471062,,
0.284423828,1.82E-02,,
0.284667969,-0.5561275,,
0.284912109,-1.595106,,
0.28515625,-0.1858723,,
0.285400391,0.8933188,,
0.285644531,-1.484893,,
0.285888672,-2.505403,,
0.286132813,-0.193617,,
0.286376953,1.058042,,
0.286621094,-0.4754041,,
0.286865234,0.2061276,,
0.287109375,0.9299571,,
0.287353516,0.1036595,,
0.287597656,-0.9785103,,
0.287841797,0.2847659,,
0.288085938,0.7869784,,
0.288330078,-1.411021,,
0.288574219,0.3026382,,
0.288818359,0.3911062,,
0.2890625,-0.554936,,
0.289306641,-0.2403829,,
0.289550781,-1.303191,,
0.289794922,0.1018723,,
0.290039063,0.1706808,,
0.290283203,-1.087532,,
0.290527344,0.6106381,,
0.290771484,1.23617,,
0.291015625,-0.270468,,
0.291259766,-0.7756593,,
0.291503906,-0.3476169,,
0.291748047,-1.751787,,
0.291992188,-0.979106,,
0.292236328,1.287702,,
0.292480469,0.2451489,,
0.292724609,4.17E-02,,
0.29296875,0.5871062,,
0.293212891,0,,
0.293457031,-0.3553616,,
0.293701172,-0.7303827,,
0.293945313,-0.4304254,,
0.294189453,-0.3708509,,
0.294433594,-1.830425,,
0.294677734,-1.177191,,
0.294921875,0.9073188,,
0.295166016,1.318085,,
0.295410156,0.6997019,,
0.295654297,0.8102125,,
0.295898438,0.6955317,,
0.296142578,0.5591062,,
0.296386719,-0.1691914,,
0.296630859,-1.262978,,
0.296875,0.4602126,,
0.297119141,1.194766,,
0.297363281,-0.1545957,,
0.297607422,-0.4804679,,
0.297851563,-0.4682552,,
0.298095703,-0.6049785,,
0.298339844,-0.4682552,,
0.298583984,-0.5165104,,
0.298828125,4.20E-02,,
0.299072266,0.757787,,
0.299316406,-0.8474465,,
0.299560547,0.6588934,,
0.299804688,1.859021,,
0.300048828,-0.1694893,,
0.300292969,0.5397445,,
0.300537109,0.6606806,,
0.30078125,0.5150211,,
0.301025391,1.747616,,
0.301269531,1.073532,,
0.301513672,2.65E-02,,
0.301757813,1.219787,,
0.302001953,1.065787,,
0.302246094,1.135489,,
0.302490234,0.1319574,,
0.302734375,-2.318935,,
0.302978516,-0.8474465,,
0.303222656,1.615361,,
0.303466797,2.160467,,
0.303710938,1.305872,,
0.303955078,0.8399997,,
0.304199219,0.3538722,,
0.304443359,-1.066978,,
0.3046875,-5.00E-02,,
0.304931641,0.8611487,,
0.305175781,-1.91E-02,,
0.305419922,8.76E-02,,
0.305664063,-0.7610636,,
0.305908203,-0.8450635,,
0.306152344,0.4170211,,
0.306396484,0.6961274,,
0.306640625,0.172468,,
0.306884766,-9.86E-02,,
0.307128906,1.493829,,
0.307373047,0.9892337,,
0.307617188,0.5236594,,
0.307861328,0.2511063,,
0.308105469,6.05E-02,,
0.308349609,1.945404,,
0.30859375,5.36E-02,,
0.308837891,0.5099573,,
0.309082031,1.793191,,
0.309326172,-0.3794892,,
0.309570313,0.7583827,,
0.309814453,1.510212,,
0.310058594,-0.2365106,,
0.310302734,7.98E-02,,
0.310546875,0.4581275,,
0.310791016,-0.5915743,,
0.311035156,-3.04E-02,,
0.311279297,0.8971912,,
0.311523438,-0.5853189,,
0.311767578,-1.509616,,
0.312011719,-1.031532,,
0.312255859,0.104851,,
0.3125,0.433702,,
0.312744141,-0.6603827,,
0.312988281,1.040766,,
0.313232422,0.6988083,,
0.313476563,-0.8962976,,
0.313720703,0.4715317,,
0.313964844,0.2883403,,
0.314208984,0.1989786,,
0.314453125,0.951106,,
0.314697266,0.3059148,,
0.314941406,-0.4000424,,
0.315185547,-1.061617,,
0.315429688,0.7908508,,
0.315673828,1.548638,,
0.315917969,-0.2213191,,
0.316162109,0.8653188,,
0.31640625,0.3565531,,
0.316650391,-0.3267658,,
0.316894531,0.4572339,,
0.317138672,-0.7220423,,
0.317382813,-1.212042,,
0.317626953,-9.20E-02,,
0.317871094,-0.7896593,,
0.318115234,-0.5763828,,
0.318359375,1.507531,,
0.318603516,-0.1736595,,
0.318847656,-1.934978,,
0.319091797,-0.3809786,,
0.319335938,1.149787,,
0.319580078,1.076212,,
0.319824219,-2.09E-03,,
0.320068359,-0.3368935,,
0.3203125,0.2749361,,
0.320556641,0.2102978,,
0.320800781,-1.303787,,
0.321044922,-0.7527232,,
0.321289063,1.28E-02,,
0.321533203,-0.5629785,,
0.321777344,1.052085,,
0.322021484,0.4339998,,
0.322265625,-0.447702,,
0.322509766,1.190893,,
0.322753906,-0.2305531,,
0.322998047,-0.1373191,,
0.323242188,0.6925529,,
0.323486328,-0.326468,,
0.323730469,0.7825103,,
0.323974609,0.1462553,,
0.32421875,-0.4027233,,
0.324462891,-0.3979573,,
0.324707031,0.9573613,,
0.324951172,1.691616,,
0.325195313,-1.477744,,
0.325439453,-9.32E-02,,
0.325683594,0.4864254,,
0.325927734,-1.893574,,
0.326171875,-0.5570211,,
0.326416016,-0.5659572,,
0.326660156,-0.4533615,,
0.326904297,1.349957,,
0.327148438,-0.1638297,,
0.327392578,0.3604254,,
0.327636719,5.69E-02,,
0.327880859,-1.172723,,
0.328125,0.5710211,,
0.328369141,0.8096167,,
0.328613281,-0.396468,,
0.328857422,0.170085,,
0.329101563,0.9016593,,
0.329345703,-0.4944679,,
0.329589844,6.94E-02,,
0.329833984,0.2710637,,
0.330078125,-6.26E-02,,
0.330322266,-7.83E-02,,
0.330566406,-1.401787,,
0.330810547,-0.5373615,,
0.331054688,0.4018296,,
0.331298828,0.5588083,,
0.331542969,0.5272338,,
0.331787109,0.316936,,
0.33203125,0.3514892,,
0.332275391,-0.4205956,,
0.332519531,-0.6842125,,
0.332763672,-0.4089786,,
0.333007813,1.340425,,
0.333251953,1.289489,,
0.333496094,-0.6803402,,
0.333740234,-0.5343828,,
0.333984375,-1.371702,,
0.334228516,-0.2189361,,
0.334472656,0.5412338,,
0.334716797,-1.679106,,
0.334960938,-0.3079999,,
0.335205078,0.7524253,,
0.335449219,-1.271617,,
0.335693359,-1.435744,,
0.3359375,-0.4482977,,
0.336181641,-1.207276,,
0.336425781,-1.055957,,
0.336669922,-0.2862552,,
0.336914063,-0.2153616,,
0.337158203,1.384212,,
0.337402344,0.879021,,
0.337646484,-0.8170635,,
0.337890625,0.6809359,,
0.338134766,0.6255317,,
0.338378906,-0.3678722,,
0.338623047,0.1915319,,
0.338867188,0.4780849,,
0.339111328,0.2478297,,
0.339355469,-1.668382,,
0.339599609,-0.9910209,,
0.33984375,0.1498297,,
0.340087891,-0.9808933,,
0.340332031,-3.28E-02,,
0.340576172,0.1855744,,
0.340820313,0.6249359,,
0.341064453,0.1358297,,
0.341308594,-0.9657018,,
0.341552734,0.1003829,,
0.341796875,-0.7545103,,
0.342041016,-0.1742553,,
0.342285156,0.3062127,,
0.342529297,-4.23E-02,,
0.342773438,1.034212,,
0.343017578,-0.4414467,,
0.343261719,-0.8170635,,
0.343505859,0.6594891,,
0.34375,-6.29E-02,,
0.343994141,0.3803828,,
0.344238281,0.7440848,,
0.344482422,-0.4408509,,
0.344726563,0.219234,,
0.344970703,-0.4462126,,
0.345214844,0.3261701,,
0.345458984,1.178978,,
0.345703125,-1.318085,,
0.345947266,-2.23E-02,,
0.346191406,0.312468,,
0.346435547,-1.178085,,
0.346679688,0.2374042,,
0.346923828,0.6824253,,
0.347167969,0.4742126,,
0.347412109,-0.6356593,,
0.34765625,-0.9785103,,
0.347900391,0.1909361,,
0.348144531,-0.1528085,,
0.348388672,-0.3657871,,
0.348632813,-0.6332763,,
0.348876953,0.2138723,,
0.349121094,2.17E-02,,
0.349365234,-0.5126381,,
0.349609375,0.4113615,,
0.349853516,0.1182553,,
0.350097656,-0.3967658,,
0.350341797,0.2746382,,
0.350585938,0.7333614,,
0.350830078,-0.3622126,,
0.351074219,0.6469785,,
0.351318359,0.4468083,,
0.3515625,-2.287659,,
0.351806641,-0.6145104,,
0.352050781,-0.1114042,,
0.352294922,-0.6282125,,
0.352539063,0.8292763,,
0.352783203,0.6925529,,
0.353027344,0.8480422,,
0.353271484,0.4468083,,
0.353515625,0.7768508,,
0.353759766,-0.3571488,,
0.354003906,-1.541787,,
0.354248047,-0.1918297,,
0.354492188,-0.4614041,,
0.354736328,0.6299998,,
0.354980469,0.298468,,
0.355224609,0.5936593,,
0.35546875,1.582297,,
0.355712891,6.85E-03,,
0.355957031,1.469999,,
0.356201172,1.702638,,
0.356445313,-0.6267232,,
0.356689453,-0.9362124,,
0.356933594,-0.4000424,,
0.357177734,-0.1623404,,
0.357421875,-0.5212764,,
0.357666016,-1.037191,,
0.357910156,0.7527232,,
0.358154297,0.4268509,,
0.358398438,-2.362425,,
0.358642578,-1.591233,,
0.358886719,-0.489702,,
0.359130859,0.3303403,,
0.359375,1.379446,,
0.359619141,0.1274893,,
0.359863281,0.5063828,,
0.360107422,0.4980424,,
0.360351563,8.43E-02,,
0.360595703,1.326425,,
0.360839844,0.5319998,,
0.361083984,-0.3848509,,
0.361328125,-0.711021,,
0.361572266,-0.5373615,,
0.361816406,-0.5165104,,
0.362060547,-1.455999,,
0.362304688,-0.2925105,,
0.362548828,-0.7333614,,
0.362792969,-0.8706805,,
0.363037109,8.97E-02,,
0.36328125,-1.000255,,
0.363525391,1.104212,,
0.363769531,0.6836168,,
0.364013672,-1.260595,,
0.364257813,-0.1766382,,
0.364501953,-0.6273189,,
0.364746094,-0.930255,,
0.364990234,-1.94E-02,,
0.365234375,0.6880848,,
0.365478516,-0.2814893,,
0.365722656,-1.401489,,
0.365966797,-0.263319,,
0.366210938,8.64E-03,,
0.366455078,-0.5588083,,
0.366699219,1.550723,,
0.366943359,1.800042,,
0.3671875,0.1310638,,
0.367431641,-3.49E-02,,
0.367675781,-9.92E-02,,
0.367919922,0.1790212,,
0.368164063,-1.238553,,
0.368408203,-0.5498722,,
0.368652344,-0.391702,,
0.368896484,0.2388935,,
0.369140625,2.519701,,
0.369384766,-0.3726382,,
0.369628906,-0.9621273,,
0.369873047,-0.3479148,,
0.370117188,-1.025872,,
0.370361328,0.5650637,,
0.370605469,1.427404,,
0.370849609,1.567702,,
0.37109375,0.5236594,,
0.371337891,1.197149,,
0.371582031,1.976084,,
0.371826172,-3.04E-02,,
0.372070313,0.8152763,,
0.372314453,1.397617,,
0.372558594,0.2049361,,
0.372802734,-0.6407232,,
0.373046875,-1.133404,,
0.373291016,-0.2865531,,
0.373535156,-0.1441702,,
0.373779297,-0.8453614,,
0.374023438,-1.689829,,
0.374267578,-0.9379997,,
0.374511719,1.055957,,
0.374755859,1.350255,,
0.375,-8.04E-03,,
0.375244141,-1.179574,,
0.375488281,-0.109617,,
0.375732422,0.8516167,,
0.375976563,-0.3440424,,
0.376220703,-0.6198721,,
0.376464844,-0.5558296,,
0.376708984,-0.2111914,,
0.376953125,1.522425,,
0.377197266,1.073829,,
0.377441406,-1.233191,,
0.377685547,-0.8501273,,
0.377929688,-0.2648084,,
0.378173828,-1.212638,,
0.378417969,1.016638,,
0.378662109,0.6070636,,
0.37890625,-2.615914,,
0.379150391,-0.8986805,,
0.379394531,0.2493191,,
0.379638672,-0.7890636,,
0.379882813,-0.4605105,,
0.380126953,-0.5900849,,
0.380371094,-0.1915319,,
0.380615234,0.4688509,,
0.380859375,0.9567656,,
0.381103516,0.7282976,,
0.381347656,-2.98E-02,,
0.381591797,1.150978,,
0.381835938,-0.7315742,,
0.382080078,-1.243319,,
0.382324219,0.5841274,,
0.382568359,0.298468,,
0.3828125,0.2064255,,
0.383056641,0.7705955,,
0.383300781,2.00885,,
0.383544922,8.88E-02,,
0.383789063,-0.1015744,,
0.384033203,1.182553,,
0.384277344,-1.382723,,
0.384521484,-1.059829,,
0.384765625,-0.5826381,,
0.385009766,-1.72051,,
0.385253906,-0.3514892,,
0.385498047,-0.386936,,
0.385742188,-0.6859998,,
0.385986328,-0.158468,,
0.386230469,1.008,,
0.386474609,0.8665103,,
0.38671875,0.4628935,,
0.386962891,0.2341276,,
0.387207031,-7.71E-02,,
0.387451172,1.736297,,
0.387695313,0.5775743,,
0.387939453,-0.6305955,,
0.388183594,0.302936,,
0.388427734,0.739021,,
0.388671875,0.1099149,,
0.388916016,-1.164978,,
0.389160156,0.3330212,,
0.389404297,-1.008298,,
0.389648438,-1.988893,,
0.389892578,0.2132765,,
0.390136719,-0.3943828,,
0.390380859,0.925489,,
0.390625,1.915616,,
0.390869141,7.24E-02,,
0.391113281,-0.5686381,,
0.391357422,0.205234,,
0.391601563,0.4506807,,
0.391845703,-2.225701,,
0.392089844,-1.989489,,
0.392333984,1.369021,,
0.392578125,0.8802124,,
0.392822266,0.2698722,,
0.393066406,1.266851,,
0.393310547,0.442936,,
0.393554688,-0.5650637,,
0.393798828,0.8313614,,
0.394042969,1.228127,,
0.394287109,-4.47E-03,,
0.39453125,0.5010211,,
0.394775391,1.189702,,
0.395019531,0.6487657,,
0.395263672,0.3785956,,
0.395507813,0.6568083,,
0.395751953,-0.4816594,,
0.395996094,-1.474765,,
0.396240234,-0.1447659,,
0.396484375,0.386936,,
0.396728516,-0.9713613,,
0.396972656,-0.659787,,
0.397216797,9.53E-03,,
0.397460938,-0.2195318,,
0.397705078,-0.3005531,,
0.397949219,-0.6124253,,
0.398193359,-1.52E-02,,
0.3984375,-0.4217871,,
0.398681641,-1.344595,,
0.398925781,0.1292765,,
0.399169922,0.4605105,,
0.399414063,0.9126805,,
0.399658203,1.465531,,
0.399902344,-0.3601275,,
0.400146484,-0.6034892,,
0.400390625,-1.061617,,
0.400634766,-0.4524679,,
0.400878906,1.810765,,
0.401123047,0.8959997,,
0.401367188,-0.8036593,,
0.401611328,-1.063404,,
0.401855469,0.7759572,,
0.402099609,1.004723,,
0.40234375,0.4748083,,
0.402587891,1.499191,,
0.402832031,1.130127,,
0.403076172,0.2046382,,
0.403320313,0.7315742,,
0.403564453,1.59451,,
0.403808594,0.4530637,,
0.404052734,-1.195659,,
0.404296875,-0.8959997,,
0.404541016,-0.2356169,,
0.404785156,-6.82E-02,,
0.405029297,-0.4375743,,
0.405273438,-2.74E-02,,
0.405517578,-0.4843403,,
0.405761719,-1.378553,,
0.406005859,0.2925105,,
0.40625,0.8191487,,
0.406494141,0.6219572,,
0.406738281,-0.3666807,,
0.406982422,-1.055659,,
0.407226563,-0.5835317,,
0.407470703,-0.2016595,,
0.407714844,1.451234,,
0.407958984,0.8694891,,
0.408203125,-2.255489,,
0.408447266,-1.26268,,
0.408691406,6.82E-02,,
0.408935547,-0.7863827,,
0.409179688,-0.701787,,
0.409423828,0.1617446,,
0.409667969,0.7607657,,
0.409912109,0.3750211,,
0.41015625,0.391702,,
0.410400391,0.6806381,,
0.410644531,0.3952765,,
0.410888672,0.6740848,,
0.411132813,-0.2948935,,
0.411376953,-2.017489,,
0.411621094,-0.8781273,,
0.411865234,1.125361,,
0.412109375,0.9436592,,
0.412353516,2.17E-02,,
0.412597656,3.54E-02,,
0.412841797,1.203106,,
0.413085938,0.60617,,
0.413330078,-0.8933188,,
0.413574219,-0.2758297,,
0.413818359,0.5179998,,
0.4140625,0.9945954,,
0.414306641,0.6669359,,
0.414550781,1.459276,,
0.414794922,1.254042,,
0.415039063,-0.4834466,,
0.415283203,-5.87E-02,,
0.415527344,0.8694891,,
0.415771484,-0.3365956,,
0.416015625,-1.822382,,
0.416259766,-0.1781276,,
0.416503906,0.501319,,
0.416748047,-7.89E-02,,
0.416992188,-0.7658295,,
0.417236328,-2.600425,,
0.417480469,-0.2543829,,
0.417724609,0.5591062,,
0.41796875,-2.135744,,
0.418212891,0.6216593,,
0.418457031,2.855701,,
0.418701172,1.537319,,
0.418945313,0.3499999,,
0.419189453,-0.3547658,,
0.419433594,8.43E-02,,
0.419677734,0.6577019,,
0.419921875,-0.608553,,
0.420166016,-0.4491913,,
0.420410156,1.593021,,
0.420654297,0.8778295,,
0.420898438,0.3175318,,
0.421142578,1.032723,,
0.421386719,0.6624678,,
0.421630859,-5.93E-02,,
0.421875,0.5424253,,
0.422119141,0.1391063,,
0.422363281,-0.5605956,,
0.422607422,3.57E-03,,
0.422851563,0.4179147,,
0.423095703,1.304383,,
0.423339844,0.1385106,,
0.423583984,-1.519744,,
0.423828125,-1.937361,,
0.424072266,-1.154553,,
0.424316406,0.2397871,,
0.424560547,2.86E-02,,
0.424804688,-0.2082127,,
0.425048828,0.2528935,,
0.425292969,-0.3365956,,
0.425537109,0.5701274,,
0.42578125,1.120893,,
0.426025391,-1.030936,,
0.426269531,0.2999573,,
0.426513672,0.939489,,
0.426757813,-1.022893,,
0.427001953,0.5284253,,
0.427246094,0.4325105,,
0.427490234,-0.8876593,,
0.427734375,-0.5132338,,
0.427978516,-0.9895316,,
0.428222656,-0.6755742,,
0.428466797,0.4083828,,
0.428710938,-0.1870638,,
0.428955078,-1.078893,,
0.429199219,0.1024681,,
0.429443359,1.927233,,
0.4296875,1.82685,,
0.429931641,9.09E-02,,
0.430175781,-0.2862552,,
0.430419922,0.5376594,,
0.430664063,-0.1274893,,
0.430908203,5.96E-04,,
0.431152344,-0.2478297,,
0.431396484,-1.094085,,
0.431640625,0.4068935,,
0.431884766,0.1471489,,
0.432128906,-0.1653191,,
0.432373047,-0.2525957,,
0.432617188,-0.9272763,,
0.432861328,1.10E-02,,
0.433105469,-0.4572339,,
0.433349609,-0.2007659,,
0.43359375,-0.6782551,,
0.433837891,-0.8453614,,
0.434082031,1.21234,,
0.434326172,0.3642977,,
0.434570313,-1.538808,,
0.434814453,-0.8093188,,
0.435058594,1.70E-02,,
0.435302734,0.2317446,,
0.435546875,-0.2379999,,
0.435791016,0.5570211,,
0.436035156,1.60851,,
0.436279297,-0.400936,,
0.436523438,-0.5924678,,
0.436767578,0.389319,,
0.437011719,-1.099149,,
0.437255859,-0.6949359,,
0.4375,1.318383,,
0.437744141,-0.3887233,,
0.437988281,-9.41E-02,,
0.438232422,1.129532,,
0.438476563,-0.5984253,,
0.438720703,0.3056169,,
0.438964844,5.30E-02,,
0.439208984,-0.7518295,,
0.439453125,-3.69E-02,,
0.439697266,0.1039574,,
0.439941406,0.9007657,,
0.440185547,-0.4515743,,
0.440429688,-0.5716168,,
0.440673828,1.091404,,
0.440917969,4.77E-03,,
0.441162109,-0.8432763,,
0.44140625,-0.9865528,,
0.441650391,-0.7190636,,
0.441894531,0.8945103,,
0.442138672,-0.2478297,,
0.442382813,0.1930212,,
0.442626953,2.527446,,
0.442871094,1.313319,,
0.443115234,0.7271061,,
0.443359375,0.6997019,,
0.443603516,-0.1617446,,
0.443847656,-0.6517444,,
0.444091797,0.324085,,
0.444335938,0.3839573,,
0.444580078,-6.40E-02,,
0.444824219,1.198638,,
0.445068359,-1.134893,,
0.4453125,-2.260255,,
0.445556641,0.3768084,,
0.445800781,1.202212,,
0.446044922,0.5722126,,
0.446289063,0.3413616,,
0.446533203,0.5766807,,
0.446777344,0.6797444,,
0.447021484,1.317191,,
0.447265625,0.1194468,,
0.447509766,-0.5194892,,
0.447753906,0.8349358,,
0.447998047,-0.1501276,,
0.448242188,-0.4664679,,
0.448486328,-0.5853189,,
0.448730469,-0.1957021,,
0.448974609,-0.1069361,,
0.44921875,-0.7020848,,
0.449462891,2.048169,,
0.449707031,0.4730211,,
0.449951172,-0.3106807,,
0.450195313,1.719616,,
0.450439453,-1.26417,,
0.450683594,-1.674936,,
0.450927734,-0.3017446,,
0.451171875,0.2737446,,
0.451416016,1.132808,,
0.451660156,-0.9463401,,
0.451904297,-0.6165955,,
0.452148438,0.228468,,
0.452392578,-0.3619148,,
0.452636719,0.9153613,,
0.452880859,-0.5874041,,
0.453125,-0.5564253,,
0.453369141,3.84E-02,,
0.453613281,-2.017191,,
0.453857422,-0.5766807,,
0.454101563,-7.42E-02,,
0.454345703,-0.1465531,,
0.454589844,0.5397445,,
0.454833984,-0.6142126,,
0.455078125,2.09E-02,,
0.455322266,0.7202551,,
0.455566406,1.376765,,
0.455810547,0.9213188,,
0.456054688,-0.3756169,,
0.456298828,0.8254039,,
0.456542969,0.8203402,,
0.456787109,0.2531914,,
0.45703125,1.221276,,
0.457275391,1.232893,,
0.457519531,0.5278296,,
0.457763672,-0.4387658,,
0.458007813,-1.534638,,
0.458251953,-0.4384679,,
0.458496094,0.2046382,,
0.458740234,0.6073615,,
0.458984375,1.137574,,
0.459228516,1.323446,,
0.459472656,0.5373615,,
0.459716797,-2.046978,,
0.459960938,-2.118467,,
0.460205078,-0.2835744,,
0.460449219,6.73E-02,,
0.460693359,-0.7223402,,
0.4609375,-1.154553,,
0.461181641,-1.065191,,
0.461425781,-1.011574,,
0.461669922,0.6928508,,
0.461914063,1.83251,,
0.462158203,-0.6800423,,
0.462402344,-1.139063,,
0.462646484,0.2245957,,
0.462890625,0.2713616,,
0.463134766,0.7008933,,
0.463378906,0.8733614,,
0.463623047,0.9969783,,
0.463867188,-8.58E-02,,
0.464111328,0.1182553,,
0.464355469,1.085744,,
0.464599609,0.3925956,,
0.46484375,1.76E-02,,
0.465087891,-1.04E-02,,
0.465332031,0.1292765,,
0.465576172,-6.97E-02,,
0.465820313,-0.1507234,,
0.466064453,-0.4059998,,
0.466308594,-0.6889785,,
0.466552734,-1.217106,,
0.466796875,-1.809872,,
0.467041016,-0.8367231,,
0.467285156,-0.790255,,
0.467529297,-0.4462126,,
0.467773438,0.2493191,,
0.468017578,-0.188851,,
0.468261719,-0.2683829,,
0.468505859,0.2686808,,
0.46875,0.8453614,,
0.468994141,1.402978,,
0.469238281,0.6335742,,
0.469482422,-0.8870635,,
0.469726563,0.2722552,,
0.469970703,-0.3616169,,
0.470214844,-6.49E-02,,
0.470458984,1.586468,,
0.470703125,-0.9543827,,
0.470947266,-0.3479148,,
0.471191406,1.345489,,
0.471435547,-2.091957,,
0.471679688,-1.803319,,
0.471923828,0.3622126,,
0.472167969,-0.7673188,,
0.472412109,1.071744,,
0.47265625,1.201021,,
0.472900391,-0.3458297,,
0.473144531,0.1629361,,
0.473388672,-0.2558722,,
0.473632813,0.2942978,,
0.473876953,8.22E-02,,
0.474121094,-0.4074892,,
0.474365234,0.6136168,,
0.474609375,-2.56E-02,,
0.474853516,-1.329702,,
0.475097656,-0.3523828,,
0.475341797,0.7282976,,
0.475585938,-1.91E-02,,
0.475830078,-0.3184254,,
0.476074219,0.6535317,,
0.476318359,0.9525954,,
0.4765625,0.8691912,,
0.476806641,1.196255,,
0.477050781,0.6374466,,
0.477294922,0.9731486,,
0.477539063,1.223957,,
0.477783203,1.246595,,
0.478027344,1.838765,,
0.478271484,-0.6413189,,
0.478515625,-1.109574,,
0.478759766,1.901616,,
0.479003906,1.399999,,
0.479248047,-0.9957869,,
0.479492188,-0.4375743,,
0.479736328,1.786638,,
0.479980469,1.165872,,
0.480224609,-8.49E-02,,
0.48046875,-1.139361,,
0.480712891,-1.120893,,
0.480957031,0.5462977,,
0.481201172,-0.9478294,,
0.481445313,-1.409531,,
0.481689453,1.232297,,
0.481933594,0.8954039,,
0.482177734,-2.38E-03,,
0.482421875,1.434553,,
0.482666016,-0.1706808,,
0.482910156,-0.6541274,,
0.483154297,0.995489,,
0.483398438,-0.9755316,,
0.483642578,-0.8033614,,
0.483886719,-0.8048508,,
0.484130859,-0.6198721,,
0.484375,1.196553,,
0.484619141,-0.482553,,
0.484863281,0.2198297,,
0.485107422,0.8590635,,
0.485351563,-0.3243829,,
0.485595703,1.91E-02,,
0.485839844,-7.74E-02,,
0.486083984,1.034212,,
0.486328125,-0.2123829,,
0.486572266,-0.5138296,,
0.486816406,2.190254,,
0.487060547,0.3556595,,
0.487304688,-0.2031489,,
0.487548828,0.4706381,,
0.487792969,-0.1688936,,
0.488037109,0.6419147,,
0.48828125,-0.2880425,,
0.488525391,0.1417872,,
0.488769531,0.524553,,
0.489013672,-1.747319,,
0.489257813,-0.5007232,,
0.489501953,4.68E-02,,
0.489746094,-0.8185529,,
0.489990234,0.8831912,,
0.490234375,-4.17E-02,,
0.490478516,-0.1301702,,
0.490722656,1.402382,,
0.490966797,-0.2671914,,
0.491210938,-1.313914,,
0.491455078,1.070851,,
0.491699219,1.876893,,
0.491943359,-0.2138723,,
0.4921875,-0.1951063,,
0.492431641,0.5358722,,
0.492675781,-0.7679146,,
0.492919922,-1.068766,,
0.493164063,0.2225106,,
0.493408203,-0.470936,,
0.493652344,-0.6359572,,
0.493896484,-0.2835744,,
0.494140625,-0.8057444,,
0.494384766,1.39434,,
0.494628906,0.9737443,,
0.494873047,-0.4682552,,
0.495117188,0.6276168,,
0.495361328,-0.3744254,,
0.495605469,0.5346807,,
0.495849609,1.917404,,
0.49609375,-0.1310638,,
0.496337891,-0.8688933,,
0.496582031,-1.013957,,
0.496826172,-0.358936,,
0.497070313,-0.3014467,,
0.497314453,-0.5486807,,
0.497558594,-0.2609361,,
0.497802734,-0.7831061,,
0.498046875,0.6565104,,
0.498291016,-0.1677021,,
0.498535156,0.4882126,,
0.498779297,1.678212,,
0.499023438,-0.3875318,,
0.499267578,0.8423827,,
0.499511719,0.1325531,,
0.499755859,-1.287404,,
